# meta_json: {"atom_symbols": ["N", "N", "N", "N", "N", "N", "N", "Ta", "Ta", "Ta", "Ta", "Ta", "Ta", "Ta", "Ta"], "lattice_vectors_override_angstrom": null, "lattice_vectors_raw": [[2.9399421782000004, -5.0921292238, 0.0], [2.9399421782000004, 5.0921292238, 0.0], [0.0, 0.0, 5.78035016]], "source_format": "phonopy_force_constants", "thickness_angstrom": null, "thickness_direction": null, "transport_direction": 2, "transverse_area_m2": 2.9434289974214144e-19}
# omega_qe	freq_thz	freq_cm^-1	transmission	transmission_per_m2
0.0000000000e+00	0.00000000	0.00000000	0.000000000000e+00	0.000000000000e+00
1.1507467642e-05	0.03785775	1.26279861	4.598811076996e-02	1.562399188506e+17
2.3014935284e-05	0.07571550	2.52559722	4.644393221168e-02	1.577885257377e+17
3.4522402926e-05	0.11357325	3.78839583	4.661623763885e-02	1.583739158637e+17
4.6029870569e-05	0.15143100	5.05119444	4.670540943965e-02	1.586768679678e+17
5.7537338211e-05	0.18928875	6.31399305	4.675530880307e-02	1.588463959689e+17
6.9044805853e-05	0.22714650	7.57679166	4.678528764371e-02	1.589482460243e+17
8.0552273495e-05	0.26500425	8.83959027	4.680440833077e-02	1.590132066096e+17
9.2059741137e-05	0.30286200	10.10238887	4.681720286324e-02	1.590566747295e+17
1.0356720878e-04	0.34071975	11.36518748	4.682609435846e-02	1.590868826783e+17
1.1507467642e-04	0.37857750	12.62798609	4.683245913883e-02	1.591085063708e+17
1.2658214406e-04	0.41643525	13.89078470	4.683712119150e-02	1.591243452196e+17
1.3808961171e-04	0.45429300	15.15358331	4.684059674046e-02	1.591361530429e+17
1.4959707935e-04	0.49215075	16.41638192	4.684322209892e-02	1.591450724307e+17
1.6110454699e-04	0.53000850	17.67918053	4.684522394057e-02	1.591518734836e+17
1.7261201463e-04	0.56786625	18.94197914	4.684675960987e-02	1.591570907635e+17
1.8411948227e-04	0.60572400	20.20477775	4.684794115391e-02	1.591611049390e+17
1.9562694992e-04	0.64358175	21.46757636	4.684885013950e-02	1.591641931249e+17
2.0713441756e-04	0.68143950	22.73037497	4.684954706921e-02	1.591665608726e+17
2.1864188520e-04	0.71929725	23.99317358	4.685007752911e-02	1.591683630560e+17
2.3014935284e-04	0.75715500	25.25597219	4.685047630783e-02	1.591697178661e+17
2.4165682049e-04	0.79501275	26.51877080	4.685077022496e-02	1.591707164195e+17
2.5316428813e-04	0.83287050	27.78156941	4.685098012822e-02	1.591714295445e+17
2.6467175577e-04	0.87072825	29.04436801	4.685112239037e-02	1.591719128656e+17
2.7617922341e-04	0.90858600	30.30716662	4.685121083235e-02	1.591722133382e+17
2.8768669105e-04	0.94644375	31.56996523	4.685191045585e-02	1.591745902378e+17
2.9919415870e-04	0.98430150	32.83276384	7.793360520314e-02	2.647714800371e+17
3.1070162634e-04	1.02215925	34.09556245	7.802062437685e-02	2.650671188101e+17
3.2220909398e-04	1.06001700	35.35836106	1.088141778402e-01	3.696850779670e+17
3.3371656162e-04	1.09787475	36.62115967	1.091046402351e-01	3.706718943472e+17
3.4522402926e-04	1.13573250	37.88395828	1.091682991535e-01	3.708881690339e+17
3.5673149691e-04	1.17359025	39.14675689	1.092010372704e-01	3.709993934493e+17
3.6823896455e-04	1.21144800	40.40955550	1.092218893079e-01	3.710702361211e+17
3.7974643219e-04	1.24930575	41.67235411	1.092366433182e-01	3.711203613672e+17
3.9125389983e-04	1.28716350	42.93515272	1.092476718355e-01	3.711578296309e+17
4.0276136748e-04	1.32502125	44.19795133	1.092552906144e-01	3.711837136554e+17
4.1426883512e-04	1.36287900	45.46074994	1.092612649058e-01	3.712040107015e+17
4.2577630276e-04	1.40073675	46.72354855	1.092660035096e-01	3.712201096248e+17
4.3728377040e-04	1.43859450	47.98634716	1.092697425651e-01	3.712328126849e+17
4.4879123804e-04	1.47645225	49.24914576	1.092725864277e-01	3.712424744183e+17
4.6029870569e-04	1.51431000	50.51194437	1.092745024125e-01	3.712489837812e+17
4.7180617333e-04	1.55216775	51.77474298	1.092752216046e-01	3.712514271631e+17
4.8331364097e-04	1.59002550	53.03754159	1.711392378678e-01	5.814281167229e+17
4.9482110861e-04	1.62788325	54.30034020	1.715584439330e-01	5.828523266002e+17
5.0632857626e-04	1.66574100	55.56313881	1.716299061939e-01	5.830951123478e+17
5.1783604390e-04	1.70359875	56.82593742	1.716644983659e-01	5.832126357260e+17
5.2934351154e-04	1.74145650	58.08873603	2.025462824274e-01	6.881303493470e+17
5.4085097918e-04	1.77931425	59.35153464	2.326954760969e-01	7.905591617829e+17
5.5235844682e-04	1.81717200	60.61433325	2.642149380198e-01	8.976433209406e+17
5.6386591447e-04	1.85502975	61.87713186	2.955929074283e-01	1.004246773702e+18
5.7537338211e-04	1.89288750	63.13993047	3.367073173037e-01	1.143928790532e+18
5.8688084975e-04	1.93074525	64.40272908	3.422653579511e-01	1.162811667110e+18
5.9838831739e-04	1.96860300	65.66552769	3.423657541263e-01	1.163152752882e+18
6.0989578503e-04	2.00646074	66.92832630	3.116172031667e-01	1.058687685144e+18
6.2140325268e-04	2.04431849	68.19112490	3.427381985803e-01	1.164418094952e+18
6.3291072032e-04	2.08217624	69.45392351	4.016942453147e-01	1.364715254442e+18
6.4441818796e-04	2.12003399	70.71672212	4.817748301356e-01	1.636780878892e+18
6.5592565560e-04	2.15789174	71.97952073	4.823773313534e-01	1.638827815368e+18
6.6743312325e-04	2.19574949	73.24231934	4.513909102897e-01	1.533554608197e+18
6.7894059089e-04	2.23360724	74.50511795	4.472095213759e-01	1.519348765565e+18
6.9044805853e-04	2.27146499	75.76791656	4.513883103500e-01	1.533545775167e+18
7.0195552617e-04	2.30932274	77.03071517	4.824307948735e-01	1.639009452228e+18
7.1346299381e-04	2.34718049	78.29351378	5.432610220276e-01	1.845673948662e+18
7.2497046146e-04	2.38503824	79.55631239	5.442072319508e-01	1.848888600430e+18
7.3647792910e-04	2.42289599	80.81911100	5.283413651705e-01	1.794985935225e+18
7.4798539674e-04	2.46075374	82.08190961	5.287028193767e-01	1.796213939048e+18
7.5949286438e-04	2.49861149	83.34470822	6.218548569768e-01	2.112688491965e+18
7.7100033202e-04	2.53646924	84.60750683	6.172505888083e-01	2.097045960168e+18
7.8250779967e-04	2.57432699	85.87030544	6.217711124399e-01	2.112403978437e+18
7.9401526731e-04	2.61218474	87.13310404	6.589733478851e-01	2.238794781401e+18
8.0552273495e-04	2.65004249	88.39590265	6.808284181933e-01	2.313045155123e+18
8.1703020259e-04	2.68790024	89.65870126	5.592561975638e-01	1.900015927185e+18
8.2853767024e-04	2.72575799	90.92149987	5.601446092983e-01	1.903034215498e+18
8.4004513788e-04	2.76361574	92.18429848	6.833453682153e-01	2.321596236274e+18
8.5155260552e-04	2.80147349	93.44709709	7.146941973180e-01	2.428100687817e+18
8.6306007316e-04	2.83933124	94.70989570	8.370470902958e-01	2.843782170486e+18
8.7456754080e-04	2.87718899	95.97269431	6.210103343795e-01	2.109819312521e+18
8.8607500845e-04	2.91504674	97.23549292	6.976535497958e-01	2.370206824785e+18
8.9758247609e-04	2.95290449	98.49829153	8.031784691238e-01	2.728716982225e+18
9.0908994373e-04	2.99076224	99.76109014	9.893953350753e-01	3.361369803525e+18
9.2059741137e-04	3.02861999	101.02388875	1.158326156798e+00	3.935295051497e+18
9.3210487902e-04	3.06647774	102.28668736	1.022915107807e+00	3.475249814768e+18
9.4361234666e-04	3.10433549	103.54948597	9.882204723724e-01	3.357378327244e+18
9.5511981430e-04	3.14219324	104.81228458	9.365793544260e-01	3.181932892713e+18
9.6662728194e-04	3.18005099	106.07508319	8.250280276745e-01	2.802948630313e+18
9.7813474958e-04	3.21790874	107.33788179	8.801182634812e-01	2.990112091211e+18
9.8964221723e-04	3.25576649	108.60068040	1.097329677143e+00	3.728065729134e+18
1.0011496849e-03	3.29362424	109.86347901	1.041032017048e+00	3.536800167288e+18
1.0126571525e-03	3.33148199	111.12627762	9.313767011498e-01	3.164257408505e+18
1.0241646202e-03	3.36933974	112.38907623	1.033720199790e+00	3.511959013436e+18
1.0356720878e-03	3.40719749	113.65187484	8.228300015876e-01	2.795481060723e+18
1.0471795554e-03	3.44505524	114.91467345	8.005129680560e-01	2.719661214037e+18
1.0586870231e-03	3.48291299	116.17747206	1.134501705540e+00	3.854353906731e+18
1.0701944907e-03	3.52077074	117.44027067	1.045000699768e+00	3.550283362308e+18
1.0817019584e-03	3.55862849	118.70306928	1.153806648969e+00	3.919940484311e+18
1.0932094260e-03	3.59648624	119.96586789	1.156373237029e+00	3.928660205639e+18
1.1047168936e-03	3.63434399	121.22866650	1.211832074695e+00	4.117075953782e+18
1.1162243613e-03	3.67220174	122.49146511	1.267075772386e+00	4.304760785790e+18
1.1277318289e-03	3.71005949	123.75426372	1.434328145566e+00	4.872983675918e+18
1.1392392966e-03	3.74791724	125.01706233	1.318451014937e+00	4.479302935767e+18
1.1507467642e-03	3.78577499	126.27986093	1.593317353644e+00	5.413133304863e+18
1.1622542319e-03	3.82363274	127.54265954	1.815367113040e+00	6.167524729253e+18
1.1737616995e-03	3.86149049	128.80545815	2.205361782028e+00	7.492491865643e+18
1.1852691671e-03	3.89934824	130.06825676	2.091669494028e+00	7.106233905626e+18
1.1967766348e-03	3.93720599	131.33105537	2.206792660605e+00	7.497353129762e+18
1.2082841024e-03	3.97506374	132.59385398	2.537093826143e+00	8.619517672637e+18
1.2197915701e-03	4.01292149	133.85665259	2.210969435224e+00	7.511543295800e+18
1.2312990377e-03	4.05077924	135.11945120	1.989993022097e+00	6.760798455952e+18
1.2428065054e-03	4.08863699	136.38224981	1.875068861260e+00	6.370355333533e+18
1.2543139730e-03	4.12649474	137.64504842	1.357455426107e+00	4.611816447064e+18
1.2658214406e-03	4.16435249	138.90784703	1.429799097236e+00	4.857596695857e+18
1.2773289083e-03	4.20221024	140.17064564	1.323298445243e+00	4.495771586140e+18
1.2888363759e-03	4.24006799	141.43344425	1.210915704447e+00	4.113962679270e+18
1.3003438436e-03	4.27792574	142.69624286	1.044798382518e+00	3.549596010073e+18
1.3118513112e-03	4.31578349	143.95904147	7.175601013405e-01	2.437837304617e+18
1.3233587788e-03	4.35364124	145.22184007	7.727042960825e-01	2.625184085498e+18
1.3348662465e-03	4.39149899	146.48463868	7.758037316234e-01	2.635714101828e+18
1.3463737141e-03	4.42935674	147.74743729	8.895745407187e-01	3.022238829263e+18
1.3578811818e-03	4.46721449	149.01023590	9.916869378875e-01	3.369155290501e+18
1.3693886494e-03	4.50507224	150.27303451	1.374822469812e+00	4.670819207856e+18
1.3808961171e-03	4.54292999	151.53583312	1.767721012623e+00	6.005651959574e+18
1.3924035847e-03	4.58078774	152.79863173	1.768960456764e+00	6.009862844710e+18
1.4039110523e-03	4.61864549	154.06143034	1.965457562695e+00	6.677441733490e+18
1.4154185200e-03	4.65650324	155.32422895	1.980811493201e+00	6.729605147386e+18
1.4269259876e-03	4.69436099	156.58702756	2.093795478445e+00	7.113456720987e+18
1.4384334553e-03	4.73221874	157.84982617	1.658230695088e+00	5.633669765912e+18
1.4499409229e-03	4.77007649	159.11262478	2.190579700584e+00	7.442271250651e+18
1.4614483906e-03	4.80793424	160.37542339	2.302145457083e+00	7.821304536645e+18
1.4729558582e-03	4.84579199	161.63822200	2.064777861746e+00	7.014872325967e+18
1.4844633258e-03	4.88364974	162.90102061	2.206033498117e+00	7.494773952590e+18
1.4959707935e-03	4.92150749	164.16381921	2.003119502101e+00	6.805394333807e+18
1.5074782611e-03	4.95936524	165.42661782	2.426001951979e+00	8.242094353572e+18
1.5189857288e-03	4.99722299	166.68941643	2.427307133987e+00	8.246528576411e+18
1.5304931964e-03	5.03508074	167.95221504	2.536329066850e+00	8.616919480889e+18
1.5420006640e-03	5.07293849	169.21501365	2.040446732521e+00	6.932209794454e+18
1.5535081317e-03	5.11079624	170.47781226	2.210080171718e+00	7.508522113677e+18
1.5650155993e-03	5.14865399	171.74061087	2.252120469032e+00	7.651349738705e+18
1.5765230670e-03	5.18651174	173.00340948	2.104318404405e+00	7.149207289350e+18
1.5880305346e-03	5.22436949	174.26620809	1.932598530261e+00	6.565806520063e+18
1.5995380023e-03	5.26222724	175.52900670	2.321777102407e+00	7.888001050616e+18
1.6110454699e-03	5.30008499	176.79180531	2.477860153819e+00	8.418277308507e+18
1.6225529375e-03	5.33794274	178.05460392	2.202264696011e+00	7.481969831581e+18
1.6340604052e-03	5.37580049	179.31740253	1.337682309608e+00	4.544639299199e+18
1.6455678728e-03	5.41365824	180.58020114	1.042534943527e+00	3.541906206811e+18
1.6570753405e-03	5.45151599	181.84299975	1.644185116069e+00	5.585951342835e+18
1.6685828081e-03	5.48937374	183.10579836	1.934279446368e+00	6.571517261204e+18
1.6800902758e-03	5.52723149	184.36859696	1.814744981537e+00	6.165411100886e+18
1.6915977434e-03	5.56508924	185.63139557	1.706646585409e+00	5.798157818327e+18
1.7031052110e-03	5.60294699	186.89419418	1.324082371900e+00	4.498434897055e+18
1.7146126787e-03	5.64080474	188.15699279	1.379567339559e+00	4.686939419185e+18
1.7261201463e-03	5.67866249	189.41979140	1.766238419455e+00	6.000615000405e+18
1.7376276140e-03	5.71652024	190.68259001	1.660456561824e+00	5.641231921267e+18
1.7491350816e-03	5.75437799	191.94538862	1.990506292333e+00	6.762542239261e+18
1.7606425493e-03	5.79223574	193.20818723	1.929078355258e+00	6.553847084296e+18
1.7721500169e-03	5.83009349	194.47098584	1.492909045206e+00	5.072006311394e+18
1.7836574845e-03	5.86795124	195.73378445	1.217527523696e+00	4.136425661235e+18
1.7951649522e-03	5.90580899	196.99658306	1.106826256191e+00	3.760329388480e+18
1.8066724198e-03	5.94366674	198.25938167	1.382592159879e+00	4.697215937909e+18
1.8181798875e-03	5.98152449	199.52218028	1.824776660744e+00	6.199492708480e+18
1.8296873551e-03	6.01938223	200.78497889	1.987880180789e+00	6.753620292966e+18
1.8411948227e-03	6.05723998	202.04777750	1.888236003517e+00	6.415089357248e+18
1.8527022904e-03	6.09509773	203.31057610	1.829532817476e+00	6.215651266188e+18
1.8642097580e-03	6.13295548	204.57337471	1.543133071501e+00	5.242637321481e+18
1.8757172257e-03	6.17081323	205.83617332	1.645806389203e+00	5.591459453057e+18
1.8872246933e-03	6.20867098	207.09897193	1.491222562406e+00	5.066276657981e+18
1.8987321610e-03	6.24652873	208.36177054	1.702894665164e+00	5.785411051722e+18
1.9102396286e-03	6.28438648	209.62456915	1.979712595736e+00	6.725871755257e+18
1.9217470962e-03	6.32224423	210.88736776	2.096978377907e+00	7.124270297481e+18
1.9332545639e-03	6.36010198	212.15016637	2.249765851120e+00	7.643350164353e+18
1.9447620315e-03	6.39795973	213.41296498	2.116765251117e+00	7.191494182368e+18
1.9562694992e-03	6.43581748	214.67576359	2.363947682752e+00	8.031271298961e+18
1.9677769668e-03	6.47367523	215.93856220	2.317295739153e+00	7.872776075738e+18
1.9792844345e-03	6.51153298	217.20136081	1.939195769094e+00	6.588219966553e+18
1.9907919021e-03	6.54939073	218.46415942	2.568285726694e+00	8.725488975423e+18
2.0022993697e-03	6.58724848	219.72695803	2.054891890339e+00	6.981285745773e+18
2.0138068374e-03	6.62510623	220.98975664	2.023975470686e+00	6.876250361260e+18
2.0253143050e-03	6.66296398	222.25255524	2.249897377043e+00	7.643797010269e+18
2.0368217727e-03	6.70082173	223.51535385	1.811902993014e+00	6.155755734559e+18
2.0483292403e-03	6.73867948	224.77815246	1.756259325719e+00	5.966712046588e+18
2.0598367079e-03	6.77653723	226.04095107	1.201638298245e+00	4.082443637330e+18
2.0713441756e-03	6.81439498	227.30374968	9.871403250074e-01	3.353708636669e+18
2.0828516432e-03	6.85225273	228.56654829	1.037225108007e+00	3.523866581853e+18
2.0943591109e-03	6.89011048	229.82934690	1.365994249826e+00	4.640826230301e+18
2.1058665785e-03	6.92796823	231.09214551	1.688604290745e+00	5.736860961227e+18
2.1173740462e-03	6.96582598	232.35494412	1.483745785882e+00	5.040875071835e+18
2.1288815138e-03	7.00368373	233.61774273	1.694500306184e+00	5.756892072709e+18
2.1403889814e-03	7.04154148	234.88054134	1.579005770324e+00	5.364511159289e+18
2.1518964491e-03	7.07939923	236.14333995	1.320402543640e+00	4.485933055620e+18
2.1634039167e-03	7.11725698	237.40613856	1.269867177008e+00	4.314244298470e+18
2.1749113844e-03	7.15511473	238.66893717	1.160814416837e+00	3.943748661355e+18
2.1864188520e-03	7.19297248	239.93173578	9.961605342868e-01	3.384353878281e+18
2.1979263197e-03	7.23083023	241.19453439	8.311753492164e-01	2.823833528665e+18
2.2094337873e-03	7.26868798	242.45733299	6.976017793479e-01	2.370030939965e+18
2.2209412549e-03	7.30654573	243.72013160	8.838532632751e-01	3.002801372309e+18
2.2324487226e-03	7.34440348	244.98293021	9.337321704264e-01	3.172259875283e+18
2.2439561902e-03	7.38226123	246.24572882	8.293100261718e-01	2.817496283750e+18
2.2554636579e-03	7.42011898	247.50852743	5.528695274601e-01	1.878317866490e+18
2.2669711255e-03	7.45797673	248.77132604	5.515004299194e-01	1.873666497145e+18
2.2784785931e-03	7.49583448	250.03412465	3.324653294278e-01	1.129517069102e+18
2.2899860608e-03	7.53369223	251.29692326	2.770996605028e-01	9.414178522584e+17
2.3014935284e-03	7.57154998	252.55972187	2.217741315250e-01	7.534550067939e+17
2.3130009961e-03	7.60940773	253.82252048	2.217831747391e-01	7.534857301924e+17
2.3245084637e-03	7.64726548	255.08531909	2.217641520200e-01	7.534211024432e+17
2.3360159314e-03	7.68512323	256.34811770	2.216594807879e-01	7.530654926009e+17
2.3475233990e-03	7.72298098	257.61091631	1.663186659516e-01	5.650507149903e+17
2.3590308666e-03	7.76083873	258.87371492	1.660922617310e-01	5.642815297276e+17
2.3705383343e-03	7.79869648	260.13651353	1.108764162183e-01	3.766913226560e+17
2.3820458019e-03	7.83655423	261.39931213	1.108630974100e-01	3.766460733624e+17
2.3935532696e-03	7.87441198	262.66211074	1.108305498714e-01	3.765354964174e+17
2.4050607372e-03	7.91226973	263.92490935	1.107431501407e-01	3.762385647411e+17
2.4165682049e-03	7.95012748	265.18770796	1.097338502963e-01	3.728095713961e+17
2.4280756725e-03	7.98798523	266.45050657	1.960487785762e-10	6.660557422921e+08
2.4395831401e-03	8.02584298	267.71330518	3.314398491854e-12	1.126033104504e+07
2.4510906078e-03	8.06370073	268.97610379	2.064570507338e-13	7.014167860500e+05
2.4625980754e-03	8.10155848	270.23890240	2.319662151858e-14	7.880815721699e+04
2.4741055431e-03	8.13941623	271.50170101	3.703397155951e-15	1.258191435634e+04
2.4856130107e-03	8.17727398	272.76449962	7.503867928810e-16	2.549362643157e+03
2.4971204783e-03	8.21513173	274.02729823	1.813944615221e-16	6.162691937908e+02
2.5086279460e-03	8.25298948	275.29009684	5.018708461030e-17	1.705055044788e+02
2.5201354136e-03	8.29084723	276.55289545	1.546355518238e-17	5.253585255810e+01
2.5316428813e-03	8.32870498	277.81569406	5.205613271414e-18	1.768554049027e+01
2.5431503489e-03	8.36656273	279.07849267	1.887698451443e-18	6.413263078866e+00
2.5546578166e-03	8.40442048	280.34129127	7.294457690665e-19	2.478217649230e+00
2.5661652842e-03	8.44227823	281.60408988	2.978289487188e-19	1.011843496071e+00
2.5776727518e-03	8.48013598	282.86688849	1.276136195081e-19	4.335542648385e-01
2.5891802195e-03	8.51799373	284.12968710	5.706455754184e-20	1.938710177546e-01
2.6006876871e-03	8.55585148	285.39248571	2.650738150307e-20	9.005612680412e-02
2.6121951548e-03	8.59370923	286.65528432	1.274102249455e-20	4.328632525437e-02
2.6237026224e-03	8.63156698	287.91808293	6.315831313625e-21	2.145739312604e-02
2.6352100901e-03	8.66942473	289.18088154	3.219519779163e-21	1.093799028950e-02
2.6467175577e-03	8.70728248	290.44368015	1.683393564359e-21	5.719158049449e-03
2.6582250253e-03	8.74514023	291.70647876	9.008172620936e-22	3.060434829183e-03
2.6697324930e-03	8.78299798	292.96927737	4.923389931531e-22	1.672671545957e-03
2.6812399606e-03	8.82085573	294.23207598	2.743245727791e-22	9.319897745771e-04
2.6927474283e-03	8.85871348	295.49487459	1.555581112238e-22	5.284928271076e-04
2.7042548959e-03	8.89657123	296.75767320	8.962804530563e-23	3.045021482908e-04
2.7157623636e-03	8.93442898	298.02047181	5.238891262384e-23	1.779859907262e-04
2.7272698312e-03	8.97228673	299.28327041	3.101758599467e-23	1.053790868468e-04
2.7387772988e-03	9.01014448	300.54606902	1.857238593580e-23	6.309778816500e-05
2.7502847665e-03	9.04800223	301.80886763	1.122799640291e-23	3.814597332822e-05
2.7617922341e-03	9.08585998	303.07166624	6.841181130950e-24	2.324221558238e-05
2.7732997018e-03	9.12371773	304.33446485	4.192443626141e-24	1.424339989113e-05
2.7848071694e-03	9.16157548	305.59726346	2.577837048150e-24	8.757938616518e-06
2.7963146370e-03	9.19943323	306.86006207	1.585623907573e-24	5.386995606016e-06
2.8078221047e-03	9.23729098	308.12286068	9.717670743581e-25	3.301479584557e-06
2.8193295723e-03	9.27514873	309.38565929	5.900404924045e-25	2.004602431115e-06
2.8308370400e-03	9.31300648	310.64845790	3.519236575407e-25	1.195624755511e-06
2.8423445076e-03	9.35086423	311.91125651	2.032777856470e-25	6.906155569747e-07
2.8538519753e-03	9.38872198	313.17405512	1.106954930240e-25	3.760766545446e-07
2.8653594429e-03	9.42657973	314.43685373	5.787575530157e-26	1.966269794592e-07
2.8768669105e-03	9.46443748	315.69965234	3.350880033113e-26	1.138427336297e-07
2.8883743782e-03	9.50229523	316.96245095	1.780469027655e-26	6.048962041263e-08
2.8998818458e-03	9.54015298	318.22524956	7.961921073695e-27	2.704981530273e-08
2.9113893135e-03	9.57801073	319.48804816	5.452449358726e-27	1.852414093733e-08
2.9228967811e-03	9.61586848	320.75084677	3.653167807173e-27	1.241126526366e-08
2.9344042488e-03	9.65372623	322.01364538	2.360515100545e-27	8.019609450790e-09
2.9459117164e-03	9.69158398	323.27644399	1.637956031928e-27	5.564788664388e-09
2.9574191840e-03	9.72944173	324.53924260	1.122344323480e-27	3.813050440364e-09
2.9689266517e-03	9.76729948	325.80204121	7.342121970762e-28	2.494411102559e-09
2.9804341193e-03	9.80515723	327.06483982	4.409087369231e-28	1.497942492614e-09
2.9919415870e-03	9.84301498	328.32763843	2.183813472055e-28	7.419283678892e-10
3.0034490546e-03	9.88087273	329.59043704	4.881972927953e-29	1.658600541148e-10
3.0149565222e-03	9.91873048	330.85323565	4.610719219492e-32	1.566444858541e-13
3.0264639899e-03	9.95658823	332.11603426	4.345564990145e-32	1.476361411793e-13
3.0379714575e-03	9.99444598	333.37883287	4.157405216166e-32	1.412436046464e-13
3.0494789252e-03	10.03230372	334.64163148	4.048523677672e-32	1.375444653572e-13
3.0609863928e-03	10.07016147	335.90443009	4.023817139600e-32	1.367050859092e-13
3.0724938605e-03	10.10801922	337.16722870	4.090512621962e-32	1.389709969408e-13
3.0840013281e-03	10.14587697	338.43002730	4.258524005000e-32	1.446790124284e-13
3.0955087957e-03	10.18373472	339.69282591	4.541200847009e-32	1.542826700079e-13
3.1070162634e-03	10.22159247	340.95562452	4.956357415476e-32	1.683871912595e-13
3.1185237310e-03	10.25945022	342.21842313	5.524057032458e-32	1.876742070999e-13
3.1300311987e-03	10.29730797	343.48122174	6.270742665791e-32	2.130420904083e-13
3.1415386663e-03	10.33516572	344.74402035	7.229412131450e-32	2.456119083485e-13
3.1530461340e-03	10.37302347	346.00681896	8.440956987848e-32	2.867729099375e-13
3.1645536016e-03	10.41088122	347.26961757	9.956428071653e-32	3.382594953157e-13
3.1760610692e-03	10.44873897	348.53241618	7.671140148609e-30	2.606191674856e-11
3.1875685369e-03	10.48659672	349.79521479	1.650270993424e-29	5.606627490827e-11
3.1990760045e-03	10.52445447	351.05801340	2.687631785266e-29	9.130955044679e-11
3.2105834722e-03	10.56231222	352.32081201	3.915741513761e-29	1.330333266809e-10
3.2220909398e-03	10.60016997	353.58361062	5.820162393264e-29	1.977340849180e-10
3.2335984074e-03	10.63802772	354.84640923	8.990108775172e-29	3.054297821706e-10
3.2451058751e-03	10.67588547	356.10920784	1.282570952946e-28	4.357404082345e-10
3.2566133427e-03	10.71374322	357.37200644	1.748815728792e-28	5.941423184740e-10
3.2681208104e-03	10.75160097	358.63480505	2.317821435386e-28	7.874562075105e-10
3.2796282780e-03	10.78945872	359.89760366	3.014673251128e-28	1.024204509016e-09
3.2911357457e-03	10.82731647	361.16040227	4.156515263265e-28	1.412133694037e-09
3.3026432133e-03	10.86517422	362.42320088	5.924244075521e-28	2.012701539840e-09
3.3141506809e-03	10.90303197	363.68599949	8.111063053601e-28	2.755650997767e-09
3.3256581486e-03	10.94088972	364.94879810	1.082602815176e-27	3.678032716687e-09
3.3371656162e-03	10.97874747	366.21159671	1.420770186312e-27	4.826921891294e-09
3.3486730839e-03	11.01660522	367.47439532	1.843271766019e-27	6.262327943476e-09
3.3601805515e-03	11.05446297	368.73719393	2.372698801409e-27	8.061002332610e-09
3.3716880192e-03	11.09232072	369.99999254	3.038042506571e-27	1.032143975354e-08
3.3831954868e-03	11.13017847	371.26279115	3.892661512162e-27	1.322492071517e-08
3.3947029544e-03	11.16803622	372.52558976	5.259340454198e-27	1.786807311746e-08
3.4062104221e-03	11.20589397	373.78838837	7.019829900817e-27	2.384915656864e-08
3.4177178897e-03	11.24375172	375.05118698	1.015585598167e-26	3.450348552852e-08
3.4292253574e-03	11.28160947	376.31398559	1.431678228946e-26	4.863980854304e-08
3.4407328250e-03	11.31946722	377.57678419	2.051274144299e-26	6.968994822351e-08
3.4522402926e-03	11.35732497	378.83958280	2.943825382265e-26	1.000134667710e-07
3.4637477603e-03	11.39518272	380.10238141	4.136048636444e-26	1.405180366188e-07
3.4752552279e-03	11.43304047	381.36518002	5.722726266911e-26	1.944237918402e-07
3.4867626956e-03	11.47089822	382.62797863	7.838116567006e-26	2.662920211044e-07
3.4982701632e-03	11.50875597	383.89077724	1.066462746554e-25	3.623198478672e-07
3.5097776309e-03	11.54661372	385.15357585	1.449474959363e-25	4.924443431905e-07
3.5212850985e-03	11.58447147	386.41637446	1.967629750088e-25	6.684821518751e-07
3.5327925661e-03	11.62232922	387.67917307	2.667279255447e-25	9.061809399117e-07
3.5443000338e-03	11.66018697	388.94197168	3.615336626113e-25	1.228273768207e-06
3.5558075014e-03	11.69804472	390.20477029	4.904993730083e-25	1.666421624024e-06
3.5673149691e-03	11.73590247	391.46756890	6.666753603717e-25	2.264961583771e-06
3.5788224367e-03	11.77376022	392.73036751	9.084415864294e-25	3.086337693979e-06
3.5903299044e-03	11.81161797	393.99316612	1.241839143860e-24	4.219021912699e-06
3.6018373720e-03	11.84947572	395.25596473	1.704241386252e-24	5.789986399349e-06
3.6133448396e-03	11.88733347	396.51876333	2.361098041660e-24	8.021589933811e-06
3.6248523073e-03	11.92519122	397.78156194	3.303514429248e-24	1.122335355173e-05
3.6363597749e-03	11.96304897	399.04436055	4.646804121656e-24	1.578704336244e-05
3.6478672426e-03	12.00090672	400.30715916	6.606420357111e-24	2.244463978203e-05
3.6593747102e-03	12.03876447	401.56995777	9.435179575301e-24	3.205506089519e-05
3.6708821778e-03	12.07662222	402.83275638	1.354548543258e-23	4.601940608878e-05
3.6823896455e-03	12.11447997	404.09555499	1.956005188935e-23	6.645328257105e-05
3.6938971131e-03	12.15233772	405.35835360	2.842730240521e-23	9.657886237485e-05
3.7054045808e-03	12.19019547	406.62115221	4.160489526790e-23	1.413483909561e-04
3.7169120484e-03	12.22805322	407.88395082	6.135462374160e-23	2.084460803891e-04
3.7284195161e-03	12.26591097	409.14674943	9.122144604876e-23	3.099155649029e-04
3.7399269837e-03	12.30376872	410.40954804	1.368205283955e-22	4.648337993387e-04
3.7514344513e-03	12.34162647	411.67234665	2.071459444391e-22	7.037572321962e-04
3.7629419190e-03	12.37948422	412.93514526	3.167744389953e-22	1.076208868204e-03
3.7744493866e-03	12.41734197	414.19794387	4.896261791348e-22	1.663455036842e-03
3.7859568543e-03	12.45519972	415.46074247	7.654734669481e-22	2.600618080540e-03
3.7974643219e-03	12.49305747	416.72354108	1.211374313792e-21	4.115520757773e-03
3.8089717896e-03	12.53091522	417.98633969	1.942076827225e-21	6.598008067892e-03
3.8204792572e-03	12.56877297	419.24913830	3.157048489724e-21	1.072575045123e-02
3.8319867248e-03	12.60663072	420.51193691	5.208885477846e-21	1.769665747810e-02
3.8434941925e-03	12.64448847	421.77473552	8.732122998395e-21	2.966649783652e-02
3.8550016601e-03	12.68234622	423.03753413	1.489076380632e-20	5.058985224161e-02
3.8665091278e-03	12.72020397	424.30033274	2.586443709056e-20	8.787178869684e-02
3.8780165954e-03	12.75806172	425.56313135	4.582591914103e-20	1.556888893232e-01
3.8895240631e-03	12.79591947	426.82592996	8.295706280333e-20	2.818381652012e-01
3.9010315307e-03	12.83377722	428.08872857	1.537218778103e-19	5.222544112494e-01
3.9125389983e-03	12.87163497	429.35152718	2.921983661141e-19	9.927141655873e-01
3.9240464660e-03	12.90949272	430.61432579	5.711334581237e-19	1.940367709308e+00
3.9355539336e-03	12.94735047	431.87712440	1.151180310895e-18	3.911017768403e+00
3.9470614013e-03	12.98520822	433.13992301	2.400687839160e-18	8.156092235496e+00
3.9585688689e-03	13.02306597	434.40272162	5.200251114396e-18	1.766732310836e+01
3.9700763365e-03	13.06092372	435.66552022	1.175616203131e-17	3.994036221565e+01
3.9815838042e-03	13.09878147	436.92831883	2.789789971372e-17	9.478027069164e+01
3.9930912718e-03	13.13663922	438.19111744	6.999511653087e-17	2.378012739298e+02
4.0045987395e-03	13.17449697	439.45391605	1.873826524237e-16	6.366134620128e+02
4.0161062071e-03	13.21235472	440.71671466	5.416872781740e-16	1.840327314328e+03
4.0276136748e-03	13.25021247	441.97951327	1.718446033999e-15	5.838245242214e+03
4.0391211424e-03	13.28807022	443.24231188	6.120187822669e-15	2.079271430712e+04
4.0506286100e-03	13.32592797	444.50511049	2.531259638606e-14	8.599696615151e+04
4.0621360777e-03	13.36378572	445.76790910	1.283755839350e-13	4.361429613132e+05
4.0736435453e-03	13.40164347	447.03070771	8.804129214643e-13	2.991113161675e+06
4.0851510130e-03	13.43950122	448.29350632	1.008043835317e-11	3.424726182287e+07
4.0966584806e-03	13.47735897	449.55630493	3.686260712604e-10	1.252369503675e+09
4.1081659483e-03	13.51521672	450.81910354	5.442784766431e-02	1.849130647010e+17
4.1196734159e-03	13.55307447	452.08190215	1.656008112420e-01	5.626118767842e+17
4.1311808835e-03	13.59093222	453.34470076	3.314806650780e-01	1.126171772339e+18
4.1426883512e-03	13.62878997	454.60749936	4.424093885363e-01	1.503040803511e+18
4.1541958188e-03	13.66664772	455.87029797	5.536268310461e-01	1.880890728233e+18
4.1657032865e-03	13.70450547	457.13309658	6.087270864196e-01	2.068088229588e+18
4.1772107541e-03	13.74236322	458.39589519	6.649268041472e-01	2.259021042226e+18
4.1887182217e-03	13.78022097	459.65869380	6.651592856543e-01	2.259810874449e+18
4.2002256894e-03	13.81807872	460.92149241	6.097872595323e-01	2.071690059677e+18
4.2117331570e-03	13.85593647	462.18429102	6.653633486335e-01	2.260504157622e+18
4.2232406247e-03	13.89379422	463.44708963	6.098730782012e-01	2.071981619857e+18
4.2347480923e-03	13.93165197	464.70988824	8.149668799681e-01	2.768766906496e+18
4.2462555600e-03	13.96950972	465.97268685	9.950308900004e-01	3.380516026961e+18
4.2577630276e-03	14.00736747	467.23548546	9.962514089202e-01	3.384662615585e+18
4.2692704952e-03	14.04522521	468.49828407	9.966900742841e-01	3.386152936447e+18
4.2807779629e-03	14.08308296	469.76108268	9.968793341245e-01	3.386795927464e+18
4.2922854305e-03	14.12094071	471.02388129	9.968562344287e-01	3.386717448602e+18
4.3037928982e-03	14.15879846	472.28667990	1.051432453749e+00	3.572134590879e+18
4.3153003658e-03	14.19665621	473.54947850	1.046893852521e+00	3.556715155819e+18
4.3268078335e-03	14.23451396	474.81227711	1.270311494422e+00	4.315753821596e+18
4.3383153011e-03	14.27237171	476.07507572	1.218509115222e+00	4.139760518393e+18
4.3498227687e-03	14.31022946	477.33787433	9.932333719176e-01	3.374409142492e+18
4.3613302364e-03	14.34808721	478.60067294	8.527433883008e-01	2.897108743061e+18
4.3728377040e-03	14.38594496	479.86347155	8.721488278398e-01	2.963036745931e+18
4.3843451717e-03	14.42380271	481.12627016	9.651512819990e-01	3.279003104354e+18
4.3958526393e-03	14.46166046	482.38906877	1.225224920044e+00	4.162576780745e+18
4.4073601069e-03	14.49951821	483.65186738	1.631958661049e+00	5.544413208128e+18
4.4188675746e-03	14.53737596	484.91466599	1.024240746300e+00	3.479753536426e+18
4.4303750422e-03	14.57523371	486.17746460	1.710874028938e+00	5.812520126820e+18
4.4418825099e-03	14.61309146	487.44026321	1.575324997332e+00	5.352006108222e+18
4.4533899775e-03	14.65094921	488.70306182	1.584849025893e+00	5.384363024489e+18
4.4648974452e-03	14.68880696	489.96586043	1.252715393194e+00	4.255972861214e+18
4.4764049128e-03	14.72666471	491.22865904	1.354195647780e+00	4.600741682462e+18
4.4879123804e-03	14.76452246	492.49145764	9.885727419205e-01	3.358575127127e+18
4.4994198481e-03	14.80238021	493.75425625	9.944046763309e-01	3.378388529848e+18
4.5109273157e-03	14.84023796	495.01705486	9.621180028407e-01	3.268697847591e+18
4.5224347834e-03	14.87809571	496.27985347	3.310836285387e-01	1.124822881166e+18
4.5339422510e-03	14.91595346	497.54265208	4.576505680975e-01	1.554821157563e+18
4.5454497187e-03	14.95381121	498.80545069	5.594964038294e-01	1.900832003488e+18
4.5569571863e-03	14.99166896	500.06824930	5.998222642260e-01	2.037835003839e+18
4.5684646539e-03	15.02952671	501.33104791	6.571494383988e-01	2.232598234829e+18
4.5799721216e-03	15.06738446	502.59384652	6.599328883261e-01	2.242054722245e+18
4.5914795892e-03	15.10524221	503.85664513	6.545041057381e-01	2.223610986749e+18
4.6029870569e-03	15.14309996	505.11944374	6.591070548178e-01	2.239249037076e+18
4.6144945245e-03	15.18095771	506.38224235	7.052750792279e-01	2.396100194181e+18
4.6260019921e-03	15.21881546	507.64504096	8.270282264564e-01	2.809744101797e+18
4.6375094598e-03	15.25667321	508.90783957	8.992925124911e-01	3.055254647824e+18
4.6490169274e-03	15.29453096	510.17063818	8.182393002466e-01	2.779884620840e+18
4.6605243951e-03	15.33238871	511.43343679	6.584301756381e-01	2.236949409056e+18
4.6720318627e-03	15.37024646	512.69623539	3.285957967361e-01	1.116370726197e+18
4.6835393304e-03	15.40810421	513.95903400	3.282289857072e-01	1.115124523115e+18
4.6950467980e-03	15.44596196	515.22183261	2.984078702750e-01	1.013810323050e+18
4.7065542656e-03	15.48381971	516.48463122	6.031246202725e-01	2.049054421903e+18
4.7180617333e-03	15.52167746	517.74742983	8.720536643269e-01	2.962713437595e+18
4.7295692009e-03	15.55953521	519.01022844	1.437452035715e+00	4.883596774287e+18
4.7410766686e-03	15.59739296	520.27302705	1.403471542825e+00	4.768151513267e+18
4.7525841362e-03	15.63525071	521.53582566	1.242062958143e+00	4.219782298915e+18
4.7640916039e-03	15.67310846	522.79862427	8.662658105938e-01	2.943049794484e+18
4.7755990715e-03	15.71096621	524.06142288	1.025267613131e+00	3.483242211818e+18
4.7871065391e-03	15.74882396	525.32422149	5.814217350414e-01	1.975321081469e+18
4.7986140068e-03	15.78668171	526.58702010	5.460059443726e-02	1.854999542543e+17
4.8101214744e-03	15.82453946	527.84981871	4.764623020568e-02	1.618732106242e+17
4.8216289421e-03	15.86239721	529.11261732	2.746509941467e-01	9.330987579021e+17
4.8331364097e-03	15.90025496	530.37541593	8.778012296216e-01	2.982240204845e+18
4.8446438774e-03	15.93811271	531.63821453	6.628381949540e-01	2.251925205380e+18
4.8561513450e-03	15.97597046	532.90101314	9.933078371560e-01	3.374662130550e+18
4.8676588126e-03	16.01382821	534.16381175	9.945070401977e-01	3.378736300651e+18
4.8791662803e-03	16.05168596	535.42661036	1.208250979174e+00	4.104909546764e+18
4.8906737479e-03	16.08954371	536.68940897	1.100131828252e+00	3.737585751910e+18
4.9021812156e-03	16.12740146	537.95220758	9.960444639349e-01	3.383959541091e+18
4.9136886832e-03	16.16525921	539.21500619	1.267039401077e+00	4.304637217974e+18
4.9251961508e-03	16.20311696	540.47780480	1.348870256323e+00	4.582649207795e+18
4.9367036185e-03	16.24097471	541.74060341	9.842610482120e-01	3.343926587236e+18
4.9482110861e-03	16.27883246	543.00340202	1.197349024719e+00	4.067871267722e+18
4.9597185538e-03	16.31669021	544.26620063	6.560454512312e-01	2.228847550955e+18
4.9712260214e-03	16.35454796	545.52899924	4.525424483279e-01	1.537466841308e+18
4.9827334891e-03	16.39240571	546.79179785	8.542773613614e-01	2.902320260179e+18
4.9942409567e-03	16.43026346	548.05459646	1.658430281743e+00	5.634347841229e+18
5.0057484243e-03	16.46812121	549.31739507	1.653343389809e+00	5.617065644380e+18
5.0172558920e-03	16.50597896	550.58019367	9.937793218353e-01	3.376263951690e+18
5.0287633596e-03	16.54383671	551.84299228	7.753917508717e-01	2.634314439217e+18
5.0402708273e-03	16.58169446	553.10579089	1.154918947187e+00	3.923719404133e+18
5.0517782949e-03	16.61955221	554.36858950	1.207462810694e+00	4.102231824691e+18
5.0632857626e-03	16.65740996	555.63138811	1.527141565128e+00	5.188307808565e+18
5.0747932302e-03	16.69526771	556.89418672	1.480876206833e+00	5.031125969510e+18
5.0863006978e-03	16.73312546	558.15698533	1.889304415736e+00	6.418719178858e+18
5.0978081655e-03	16.77098321	559.41978394	1.792248738630e+00	6.088982408612e+18
5.1093156331e-03	16.80884096	560.68258255	5.333197109229e-01	1.811899357485e+18
5.1208231008e-03	16.84669871	561.94538116	1.071349011158e+00	3.639799064615e+18
5.1323305684e-03	16.88455646	563.20817977	1.300577104118e+00	4.418578145618e+18
5.1438380360e-03	16.92241421	564.47097838	1.297990515399e+00	4.409790474090e+18
5.1553455037e-03	16.96027196	565.73377699	1.028323913871e+00	3.493625682059e+18
5.1668529713e-03	16.99812971	566.99657560	1.132214281827e+00	3.846582617821e+18
5.1783604390e-03	17.03598746	568.25937421	5.451393316869e-01	1.852055314276e+18
5.1898679066e-03	17.07384521	569.52217282	6.566668732650e-01	2.230958768974e+18
5.2013753743e-03	17.11170296	570.78497142	8.367976666625e-01	2.842934779115e+18
5.2128828419e-03	17.14956071	572.04777003	9.925622739647e-01	3.372129155601e+18
5.2243903095e-03	17.18741846	573.31056864	1.213648309167e+00	4.123246425274e+18
5.2358977772e-03	17.22527621	574.57336725	1.211586840755e+00	4.116242796468e+18
5.2474052448e-03	17.26313396	575.83616586	7.167061936566e-01	2.434936240298e+18
5.2589127125e-03	17.30099171	577.09896447	7.705655910246e-01	2.617918053059e+18
5.2704201801e-03	17.33884946	578.36176308	9.737890728082e-01	3.308349118193e+18
5.2819276478e-03	17.37670721	579.62456169	1.206906886891e+00	4.100343130234e+18
5.2934351154e-03	17.41456496	580.88736030	1.290041897732e+00	4.382785855757e+18
5.3049425830e-03	17.45242271	582.15015891	1.087277906324e+00	3.693915862337e+18
5.3164500507e-03	17.49028046	583.41295752	4.962715465425e-01	1.686031995259e+18
5.3279575183e-03	17.52813821	584.67575613	1.094010163044e+00	3.716788018335e+18
5.3394649860e-03	17.56599596	585.93855474	1.149315137062e+00	3.904681030419e+18
5.3509724536e-03	17.60385371	587.20135335	9.921059940312e-01	3.370578991035e+18
5.3624799212e-03	17.64171146	588.46415196	1.181124686163e+00	4.012750731196e+18
5.3739873889e-03	17.67956921	589.72695056	7.683262418672e-01	2.610310092550e+18
5.3854948565e-03	17.71742696	590.98974917	8.264357209699e-01	2.807731124800e+18
5.3970023242e-03	17.75528471	592.25254778	8.794157536073e-01	2.987725385521e+18
5.4085097918e-03	17.79314246	593.51534639	7.710890759204e-01	2.619696539634e+18
5.4200172595e-03	17.83100021	594.77814500	7.189039995911e-01	2.442403061942e+18
5.4315247271e-03	17.86885796	596.04094361	6.648428432437e-01	2.258735793614e+18
5.4430321947e-03	17.90671571	597.30374222	6.647832993774e-01	2.258533499397e+18
5.4545396624e-03	17.94457346	598.56654083	6.646907565874e-01	2.258219094701e+18
5.4660471300e-03	17.98243121	599.82933944	6.643147399027e-01	2.256941616342e+18
5.4775545977e-03	18.02028896	601.09213805	5.537051133717e-01	1.881156684455e+18
5.4890620653e-03	18.05814670	602.35493666	4.976268618486e-01	1.690636540866e+18
5.5005695330e-03	18.09600445	603.61773527	3.326705265739e-01	1.130214205491e+18
5.5120770006e-03	18.13386220	604.88053388	3.326541718230e-01	1.130158641892e+18
5.5235844682e-03	18.17171995	606.14333249	3.326254655234e-01	1.130061115165e+18
5.5350919359e-03	18.20957770	607.40613110	2.771739130695e-01	9.416701177856e+17
5.5465994035e-03	18.24743545	608.66892970	3.324975128121e-01	1.129626408870e+18
5.5581068712e-03	18.28529320	609.93172831	3.323635943214e-01	1.129171434448e+18
5.5696143388e-03	18.32315095	611.19452692	3.319520330779e-01	1.127773197073e+18
5.5811218064e-03	18.36100870	612.45732553	1.672543044484e-01	5.682294514152e+17
5.5926292741e-03	18.39886645	613.72012414	1.107410973536e-01	3.762315906061e+17
5.6041367417e-03	18.43672420	614.98292275	1.104943848075e-01	3.753934098776e+17
5.6156442094e-03	18.47458195	616.24572136	5.498494396167e-02	1.868057425874e+17
5.6271516770e-03	18.51243970	617.50851997	2.676698246987e-12	9.093809462813e+06
5.6386591447e-03	18.55029745	618.77131858	9.636187596825e-15	3.273796515991e+04
5.6501666123e-03	18.58815520	620.03411719	2.094358582984e-16	7.115369811259e+02
5.6616740799e-03	18.62601295	621.29691580	1.022016924967e-17	3.472198330120e+01
5.6731815476e-03	18.66387070	622.55971441	8.086022209472e-19	2.747143626211e+00
5.6846890152e-03	18.70172845	623.82251302	8.894064914418e-20	3.021667898974e-01
5.6961964829e-03	18.73958620	625.08531163	1.247032585422e-20	4.236666101050e-02
5.7077039505e-03	18.77744395	626.34811024	2.110418879396e-21	7.169933031321e-03
5.7192114182e-03	18.81530170	627.61090884	4.154536496050e-22	1.411461428045e-03
5.7307188858e-03	18.85315945	628.87370745	9.265557134694e-23	3.147878594256e-04
5.7422263534e-03	18.89101720	630.13650606	2.295529304686e-23	7.798826833251e-05
