# meta_json: {"summary": {"has_transmission_per_m2": true, "n_temperature_points": 401, "temperature_max_k": 400.0, "temperature_min_k": 0.0, "transmission_metadata": {"atom_symbols": ["N", "Ta"], "lattice_vectors_override_angstrom": null, "lattice_vectors_raw": [[1.4699710891, -2.5460646119, 0.0], [1.4699710891, 2.5460646119, 0.0], [0.0, 0.0, 2.89017508]], "source_format": "phonopy_force_constants", "thickness_angstrom": null, "thickness_direction": null, "transport_direction": 3, "transverse_area_m2": 7.485282740947223e-20}, "transmission_path": "/home/zhouhb/Desktop/workspace/TaN/phonon_hybrid/pristine/z/transmission.tsv"}}
# temperature_K	conductance_W_per_K	conductance_per_area_W_per_m2K
0.00000000	0.000000000000e+00	0.000000000000e+00
1.00000000	1.718645724772e-15	2.296033141635e+04
2.00000000	1.182343428092e-14	1.579557471656e+05
3.00000000	2.285995225898e-14	3.053986475878e+05
4.00000000	3.397391407060e-14	4.538761626831e+05
5.00000000	4.554954165493e-14	6.085213241946e+05
6.00000000	5.848258147092e-14	7.813009006459e+05
7.00000000	7.392298739490e-14	9.875777569564e+05
8.00000000	9.297648842673e-14	1.242123933651e+06
9.00000000	1.166052608433e-13	1.557793671647e+06
10.00000000	1.456549197445e-13	1.945884007129e+06
11.00000000	1.809057882208e-13	2.416819704501e+06
12.00000000	2.231100893787e-13	2.980650125054e+06
13.00000000	2.730129250919e-13	3.647329493627e+06
14.00000000	3.313630876999e-13	4.426861338012e+06
15.00000000	3.989181362403e-13	5.329366305137e+06
16.00000000	4.764456240572e-13	6.365098561353e+06
17.00000000	5.647209765509e-13	7.544417440128e+06
18.00000000	6.645221247315e-13	8.877715748749e+06
19.00000000	7.766211122239e-13	1.037530764169e+07
20.00000000	9.017731628631e-13	1.204728256863e+07
21.00000000	1.040703939335e-12	1.390333505563e+07
22.00000000	1.194095864863e-12	1.595258196903e+07
23.00000000	1.362574405738e-12	1.820337925626e+07
24.00000000	1.546695140139e-12	2.066314919112e+07
25.00000000	1.746932298513e-12	2.333822727840e+07
26.00000000	1.963669284511e-12	2.623373561788e+07
27.00000000	2.197191500267e-12	2.935348705330e+07
28.00000000	2.447681625537e-12	3.269992210378e+07
29.00000000	2.715217349616e-12	3.627407866322e+07
30.00000000	2.999771434312e-12	4.007559284170e+07
31.00000000	3.301213897254e-12	4.410272813337e+07
32.00000000	3.619316045650e-12	4.835242930572e+07
33.00000000	3.953756057811e-12	5.282039696620e+07
34.00000000	4.304125798618e-12	5.750117861378e+07
35.00000000	4.669938560921e-12	6.238827206052e+07
36.00000000	5.050637443039e-12	6.747423735125e+07
37.00000000	5.445604099087e-12	7.275081366397e+07
38.00000000	5.854167630350e-12	7.820903809453e+07
39.00000000	6.275613419671e-12	8.383936368016e+07
40.00000000	6.709191744782e-12	8.963177446967e+07
41.00000000	7.154126039104e-12	9.557589588391e+07
42.00000000	7.609620698760e-12	1.016610990141e+08
43.00000000	8.074868361891e-12	1.078765978701e+08
44.00000000	8.549056610242e-12	1.142115389106e+08
45.00000000	9.031374063659e-12	1.206550824627e+08
46.00000000	9.521015855340e-12	1.271964758693e+08
47.00000000	1.001718848990e-11	1.338251183900e+08
48.00000000	1.051911409759e-11	1.405306180360e+08
49.00000000	1.102603410689e-11	1.473028406339e+08
50.00000000	1.153721236409e-11	1.541319515024e+08
51.00000000	1.205193773333e-11	1.610084501872e+08
52.00000000	1.256952621351e-11	1.679231987424e+08
53.00000000	1.308932261031e-11	1.748674440674e+08
54.00000000	1.361070180202e-11	1.818328348182e+08
55.00000000	1.413306963799e-11	1.888114334102e+08
56.00000000	1.465586350731e-11	1.957957236156e+08
57.00000000	1.517855261422e-11	2.027786142424e+08
58.00000000	1.570063799482e-11	2.097534393582e+08
59.00000000	1.622165230772e-11	2.167139554928e+08
60.00000000	1.674115942915e-11	2.236543362292e+08
61.00000000	1.725875388069e-11	2.305691645591e+08
62.00000000	1.777406011572e-11	2.374534233488e+08
63.00000000	1.828673168806e-11	2.443024842338e+08
64.00000000	1.879645032457e-11	2.511120952286e+08
65.00000000	1.930292492097e-11	2.578783673111e+08
66.00000000	1.980589047825e-11	2.645977602143e+08
67.00000000	2.030510699527e-11	2.712670676311e+08
68.00000000	2.080035833121e-11	2.778834020180e+08
69.00000000	2.129145104997e-11	2.844441791557e+08
70.00000000	2.177821325703e-11	2.909471026111e+08
71.00000000	2.226049343801e-11	2.973901482203e+08
72.00000000	2.273815930671e-11	3.037715486995e+08
73.00000000	2.321109666944e-11	3.100897784725e+08
74.00000000	2.367920831129e-11	3.163435387919e+08
75.00000000	2.414241290897e-11	3.225317432153e+08
76.00000000	2.460064397428e-11	3.286535034904e+08
77.00000000	2.505384883117e-11	3.347081158887e+08
78.00000000	2.550198762886e-11	3.406950480221e+08
79.00000000	2.594503239299e-11	3.466139261655e+08
80.00000000	2.638296611598e-11	3.524645231055e+08
81.00000000	2.681578188755e-11	3.582467465238e+08
82.00000000	2.724348206585e-11	3.639606279242e+08
83.00000000	2.766607748934e-11	3.696063121035e+08
84.00000000	2.808358672919e-11	3.751840471645e+08
85.00000000	2.849603538187e-11	3.806941750642e+08
86.00000000	2.890345540119e-11	3.861371226912e+08
87.00000000	2.930588446903e-11	3.915133934583e+08
88.00000000	2.970336540374e-11	3.968235593994e+08
89.00000000	3.009594560521e-11	4.020682537558e+08
90.00000000	3.048367653533e-11	4.072481640349e+08
91.00000000	3.086661323263e-11	4.123640255268e+08
92.00000000	3.124481385980e-11	4.174166152587e+08
93.00000000	3.161833928269e-11	4.224067463708e+08
94.00000000	3.198725267948e-11	4.273352628953e+08
95.00000000	3.235161917861e-11	4.322030349186e+08
96.00000000	3.271150552408e-11	4.370109541105e+08
97.00000000	3.306697976676e-11	4.417599295999e+08
98.00000000	3.341811098034e-11	4.464508841802e+08
99.00000000	3.376496900063e-11	4.510847508262e+08
100.00000000	3.410762418685e-11	4.556624695052e+08
101.00000000	3.444614720368e-11	4.601849842659e+08
102.00000000	3.478060882289e-11	4.646532405868e+08
103.00000000	3.511107974322e-11	4.690681829713e+08
104.00000000	3.543763042750e-11	4.734307527709e+08
105.00000000	3.576033095585e-11	4.777418862248e+08
106.00000000	3.607925089396e-11	4.820025126987e+08
107.00000000	3.639445917528e-11	4.862135531126e+08
108.00000000	3.670602399637e-11	4.903759185418e+08
109.00000000	3.701401272435e-11	4.944905089806e+08
110.00000000	3.731849181559e-11	4.985582122563e+08
111.00000000	3.761952674488e-11	5.025799030822e+08
112.00000000	3.791718194421e-11	5.065564422409e+08
113.00000000	3.821152075045e-11	5.104886758842e+08
114.00000000	3.850260536125e-11	5.143774349449e+08
115.00000000	3.879049679852e-11	5.182235346479e+08
116.00000000	3.907525487871e-11	5.220277741141e+08
117.00000000	3.935693818955e-11	5.257909360491e+08
118.00000000	3.963560407251e-11	5.295137865092e+08
119.00000000	3.991130861054e-11	5.331970747372e+08
120.00000000	4.018410662059e-11	5.368415330629e+08
121.00000000	4.045405165053e-11	5.404478768615e+08
122.00000000	4.072119597986e-11	5.440168045638e+08
123.00000000	4.098559062412e-11	5.475489977141e+08
124.00000000	4.124728534231e-11	5.510451210704e+08
125.00000000	4.150632864727e-11	5.545058227422e+08
126.00000000	4.176276781844e-11	5.579317343617e+08
127.00000000	4.201664891701e-11	5.613234712854e+08
128.00000000	4.226801680284e-11	5.646816328210e+08
129.00000000	4.251691515329e-11	5.680068024780e+08
130.00000000	4.276338648333e-11	5.712995482376e+08
131.00000000	4.300747216710e-11	5.745604228393e+08
132.00000000	4.324921246042e-11	5.777899640830e+08
133.00000000	4.348864652428e-11	5.809886951415e+08
134.00000000	4.372581244901e-11	5.841571248847e+08
135.00000000	4.396074727909e-11	5.872957482102e+08
136.00000000	4.419348703841e-11	5.904050463807e+08
137.00000000	4.442406675582e-11	5.934854873658e+08
138.00000000	4.465252049093e-11	5.965375261868e+08
139.00000000	4.487888136006e-11	5.995616052626e+08
140.00000000	4.510318156218e-11	6.025581547569e+08
141.00000000	4.532545240480e-11	6.055275929239e+08
142.00000000	4.554572432975e-11	6.084703264527e+08
143.00000000	4.576402693876e-11	6.113867508093e+08
144.00000000	4.598038901883e-11	6.142772505747e+08
145.00000000	4.619483856720e-11	6.171421997795e+08
146.00000000	4.640740281609e-11	6.199819622341e+08
147.00000000	4.661810825701e-11	6.227968918528e+08
148.00000000	4.682698066460e-11	6.255873329733e+08
149.00000000	4.703404512009e-11	6.283536206696e+08
150.00000000	4.723932603429e-11	6.310960810589e+08
151.00000000	4.744284717001e-11	6.338150316017e+08
152.00000000	4.764463166402e-11	6.365107813949e+08
153.00000000	4.784470204852e-11	6.391836314585e+08
154.00000000	4.804308027198e-11	6.418338750141e+08
155.00000000	4.823978771951e-11	6.444617977571e+08
156.00000000	4.843484523265e-11	6.470676781212e+08
157.00000000	4.862827312860e-11	6.496517875349e+08
158.00000000	4.882009121893e-11	6.522143906718e+08
159.00000000	4.901031882766e-11	6.547557456922e+08
160.00000000	4.919897480887e-11	6.572761044782e+08
161.00000000	4.938607756374e-11	6.597757128610e+08
162.00000000	4.957164505700e-11	6.622548108413e+08
163.00000000	4.975569483286e-11	6.647136328022e+08
164.00000000	4.993824403049e-11	6.671524077148e+08
165.00000000	5.011930939883e-11	6.695713593377e+08
166.00000000	5.029890731104e-11	6.719707064088e+08
167.00000000	5.047705377831e-11	6.743506628305e+08
168.00000000	5.065376446330e-11	6.767114378486e+08
169.00000000	5.082905469297e-11	6.790532362247e+08
170.00000000	5.100293947106e-11	6.813762584018e+08
171.00000000	5.117543349002e-11	6.836807006645e+08
172.00000000	5.134655114255e-11	6.859667552926e+08
173.00000000	5.151630653263e-11	6.882346107091e+08
174.00000000	5.168471348622e-11	6.904844516225e+08
175.00000000	5.185178556147e-11	6.927164591636e+08
176.00000000	5.201753605854e-11	6.949308110165e+08
177.00000000	5.218197802907e-11	6.971276815453e+08
178.00000000	5.234512428526e-11	6.993072419150e+08
179.00000000	5.250698740850e-11	7.014696602076e+08
180.00000000	5.266757975780e-11	7.036151015337e+08
181.00000000	5.282691347774e-11	7.057437281395e+08
182.00000000	5.298500050615e-11	7.078556995089e+08
183.00000000	5.314185258149e-11	7.099511724626e+08
184.00000000	5.329748124985e-11	7.120303012510e+08
185.00000000	5.345189787174e-11	7.140932376454e+08
186.00000000	5.360511362851e-11	7.161401310237e+08
187.00000000	5.375713952856e-11	7.181711284531e+08
188.00000000	5.390798641326e-11	7.201863747693e+08
189.00000000	5.405766496257e-11	7.221860126519e+08
190.00000000	5.420618570050e-11	7.241701826969e+08
191.00000000	5.435355900026e-11	7.261390234858e+08
192.00000000	5.449979508924e-11	7.280926716517e+08
193.00000000	5.464490405370e-11	7.300312619425e+08
194.00000000	5.478889584330e-11	7.319549272813e+08
195.00000000	5.493178027545e-11	7.338637988243e+08
196.00000000	5.507356703940e-11	7.357580060154e+08
197.00000000	5.521426570022e-11	7.376376766396e+08
198.00000000	5.535388570252e-11	7.395029368726e+08
199.00000000	5.549243637405e-11	7.413539113291e+08
200.00000000	5.562992692919e-11	7.431907231089e+08
201.00000000	5.576636647213e-11	7.450134938400e+08
202.00000000	5.590176400008e-11	7.468223437210e+08
203.00000000	5.603612840620e-11	7.486173915605e+08
204.00000000	5.616946848248e-11	7.503987548154e+08
205.00000000	5.630179292241e-11	7.521665496271e+08
206.00000000	5.643311032365e-11	7.539208908562e+08
207.00000000	5.656342919042e-11	7.556618921153e+08
208.00000000	5.669275793591e-11	7.573896658009e+08
209.00000000	5.682110488451e-11	7.591043231230e+08
210.00000000	5.694847827397e-11	7.608059741343e+08
211.00000000	5.707488625744e-11	7.624947277573e+08
212.00000000	5.720033690545e-11	7.641706918103e+08
213.00000000	5.732483820772e-11	7.658339730327e+08
214.00000000	5.744839807501e-11	7.674846771084e+08
215.00000000	5.757102434074e-11	7.691229086887e+08
216.00000000	5.769272476271e-11	7.707487714140e+08
217.00000000	5.781350702455e-11	7.723623679343e+08
218.00000000	5.793337873727e-11	7.739637999292e+08
219.00000000	5.805234744063e-11	7.755531681264e+08
220.00000000	5.817042060450e-11	7.771305723201e+08
221.00000000	5.828760563015e-11	7.786961113880e+08
222.00000000	5.840390985149e-11	7.802498833077e+08
223.00000000	5.851934053621e-11	7.817919851723e+08
224.00000000	5.863390488695e-11	7.833225132059e+08
225.00000000	5.874761004236e-11	7.848415627775e+08
226.00000000	5.886046307811e-11	7.863492284149e+08
227.00000000	5.897247100788e-11	7.878456038178e+08
228.00000000	5.908364078433e-11	7.893307818704e+08
229.00000000	5.919397929997e-11	7.908048546538e+08
230.00000000	5.930349338805e-11	7.922679134570e+08
231.00000000	5.941218982338e-11	7.937200487882e+08
232.00000000	5.952007532310e-11	7.951613503858e+08
233.00000000	5.962715654751e-11	7.965919072280e+08
234.00000000	5.973344010073e-11	7.980118075430e+08
235.00000000	5.983893253146e-11	7.994211388185e+08
236.00000000	5.994364033362e-11	8.008199878103e+08
237.00000000	6.004756994702e-11	8.022084405516e+08
238.00000000	6.015072775801e-11	8.035865823608e+08
239.00000000	6.025312010005e-11	8.049544978501e+08
240.00000000	6.035475325429e-11	8.063122709331e+08
241.00000000	6.045563345017e-11	8.076599848321e+08
242.00000000	6.055576686595e-11	8.089977220860e+08
243.00000000	6.065515962922e-11	8.103255645564e+08
244.00000000	6.075381781742e-11	8.116435934354e+08
245.00000000	6.085174745833e-11	8.129518892514e+08
246.00000000	6.094895453057e-11	8.142505318759e+08
247.00000000	6.104544496402e-11	8.155396005295e+08
248.00000000	6.114122464031e-11	8.168191737882e+08
249.00000000	6.123629939323e-11	8.180893295887e+08
250.00000000	6.133067500917e-11	8.193501452347e+08
251.00000000	6.142435722753e-11	8.206016974018e+08
252.00000000	6.151735174113e-11	8.218440621436e+08
253.00000000	6.160966419657e-11	8.230773148961e+08
254.00000000	6.170130019467e-11	8.243015304838e+08
255.00000000	6.179226529078e-11	8.255167831238e+08
256.00000000	6.188256499523e-11	8.267231464312e+08
257.00000000	6.197220477358e-11	8.279206934238e+08
258.00000000	6.206119004707e-11	8.291094965268e+08
259.00000000	6.214952619293e-11	8.302896275774e+08
260.00000000	6.223721854467e-11	8.314611578293e+08
261.00000000	6.232427239250e-11	8.326241579569e+08
262.00000000	6.241069298359e-11	8.337786980602e+08
263.00000000	6.249648552242e-11	8.349248476687e+08
264.00000000	6.258165517108e-11	8.360626757456e+08
265.00000000	6.266620704960e-11	8.371922506921e+08
266.00000000	6.275014623624e-11	8.383136403516e+08
267.00000000	6.283347776780e-11	8.394269120134e+08
268.00000000	6.291620663992e-11	8.405321324170e+08
269.00000000	6.299833780738e-11	8.416293677560e+08
270.00000000	6.307987618436e-11	8.427186836817e+08
271.00000000	6.316082664479e-11	8.438001453075e+08
272.00000000	6.324119402256e-11	8.448738172122e+08
273.00000000	6.332098311188e-11	8.459397634441e+08
274.00000000	6.340019866750e-11	8.469980475244e+08
275.00000000	6.347884540501e-11	8.480487324515e+08
276.00000000	6.355692800112e-11	8.490918807041e+08
277.00000000	6.363445109393e-11	8.501275542449e+08
278.00000000	6.371141928317e-11	8.511558145246e+08
279.00000000	6.378783713055e-11	8.521767224852e+08
280.00000000	6.386370915993e-11	8.531903385636e+08
281.00000000	6.393903985764e-11	8.541967226952e+08
282.00000000	6.401383367274e-11	8.551959343174e+08
283.00000000	6.408809501726e-11	8.561880323729e+08
284.00000000	6.416182826650e-11	8.571730753137e+08
285.00000000	6.423503775924e-11	8.581511211040e+08
286.00000000	6.430772779803e-11	8.591222272239e+08
287.00000000	6.437990264944e-11	8.600864506728e+08
288.00000000	6.445156654429e-11	8.610438479728e+08
289.00000000	6.452272367797e-11	8.619944751721e+08
290.00000000	6.459337821061e-11	8.629383878483e+08
291.00000000	6.466353426738e-11	8.638756411118e+08
292.00000000	6.473319593874e-11	8.648062896092e+08
293.00000000	6.480236728067e-11	8.657303875268e+08
294.00000000	6.487105231493e-11	8.666479885932e+08
295.00000000	6.493925502930e-11	8.675591460836e+08
296.00000000	6.500697937785e-11	8.684639128224e+08
297.00000000	6.507422928113e-11	8.693623411866e+08
298.00000000	6.514100862649e-11	8.702544831092e+08
299.00000000	6.520732126826e-11	8.711403900824e+08
300.00000000	6.527317102802e-11	8.720201131609e+08
301.00000000	6.533856169484e-11	8.728937029649e+08
302.00000000	6.540349702553e-11	8.737612096835e+08
303.00000000	6.546798074484e-11	8.746226830779e+08
304.00000000	6.553201654575e-11	8.754781724847e+08
305.00000000	6.559560808968e-11	8.763277268186e+08
306.00000000	6.565875900673e-11	8.771713945761e+08
307.00000000	6.572147289591e-11	8.780092238386e+08
308.00000000	6.578375332539e-11	8.788412622750e+08
309.00000000	6.584560383273e-11	8.796675571457e+08
310.00000000	6.590702792511e-11	8.804881553048e+08
311.00000000	6.596802907955e-11	8.813031032039e+08
312.00000000	6.602861074317e-11	8.821124468950e+08
313.00000000	6.608877633340e-11	8.829162320332e+08
314.00000000	6.614852923821e-11	8.837145038804e+08
315.00000000	6.620787281634e-11	8.845073073080e+08
316.00000000	6.626681039754e-11	8.852946867998e+08
317.00000000	6.632534528280e-11	8.860766864554e+08
318.00000000	6.638348074452e-11	8.868533499929e+08
319.00000000	6.644122002684e-11	8.876247207521e+08
320.00000000	6.649856634574e-11	8.883908416976e+08
321.00000000	6.655552288937e-11	8.891517554212e+08
322.00000000	6.661209281821e-11	8.899075041457e+08
323.00000000	6.666827926531e-11	8.906581297272e+08
324.00000000	6.672408533651e-11	8.914036736583e+08
325.00000000	6.677951411064e-11	8.921441770708e+08
326.00000000	6.683456863979e-11	8.928796807392e+08
327.00000000	6.688925194946e-11	8.936102250829e+08
328.00000000	6.694356703882e-11	8.943358501693e+08
329.00000000	6.699751688091e-11	8.950565957170e+08
330.00000000	6.705110442285e-11	8.957725010981e+08
331.00000000	6.710433258606e-11	8.964836053417e+08
332.00000000	6.715720426648e-11	8.971899471359e+08
333.00000000	6.720972233475e-11	8.978915648315e+08
334.00000000	6.726188963645e-11	8.985884964439e+08
335.00000000	6.731370899230e-11	8.992807796568e+08
336.00000000	6.736518319836e-11	8.999684518241e+08
337.00000000	6.741631502622e-11	9.006515499733e+08
338.00000000	6.746710722326e-11	9.013301108079e+08
339.00000000	6.751756251279e-11	9.020041707101e+08
340.00000000	6.756768359427e-11	9.026737657438e+08
341.00000000	6.761747314356e-11	9.033389316568e+08
342.00000000	6.766693381304e-11	9.039997038840e+08
343.00000000	6.771606823187e-11	9.046561175498e+08
344.00000000	6.776487900617e-11	9.053082074706e+08
345.00000000	6.781336871919e-11	9.059560081575e+08
346.00000000	6.786153993154e-11	9.065995538194e+08
347.00000000	6.790939518139e-11	9.072388783646e+08
348.00000000	6.795693698461e-11	9.078740154045e+08
349.00000000	6.800416783503e-11	9.085049982551e+08
350.00000000	6.805109020456e-11	9.091318599404e+08
351.00000000	6.809770654346e-11	9.097546331943e+08
352.00000000	6.814401928044e-11	9.103733504637e+08
353.00000000	6.819003082291e-11	9.109880439103e+08
354.00000000	6.823574355715e-11	9.115987454138e+08
355.00000000	6.828115984847e-11	9.122054865737e+08
356.00000000	6.832628204144e-11	9.128082987123e+08
357.00000000	6.837111246001e-11	9.134072128766e+08
358.00000000	6.841565340776e-11	9.140022598413e+08
359.00000000	6.845990716801e-11	9.145934701106e+08
360.00000000	6.850387600406e-11	9.151808739210e+08
361.00000000	6.854756215931e-11	9.157645012436e+08
362.00000000	6.859096785747e-11	9.163443817861e+08
363.00000000	6.863409530275e-11	9.169205449956e+08
364.00000000	6.867694667999e-11	9.174930200607e+08
365.00000000	6.871952415485e-11	9.180618359135e+08
366.00000000	6.876182987399e-11	9.186270212325e+08
367.00000000	6.880386596522e-11	9.191886044444e+08
368.00000000	6.884563453770e-11	9.197466137263e+08
369.00000000	6.888713768206e-11	9.203010770085e+08
370.00000000	6.892837747062e-11	9.208520219758e+08
371.00000000	6.896935595749e-11	9.213994760706e+08
372.00000000	6.901007517879e-11	9.219434664944e+08
373.00000000	6.905053715280e-11	9.224840202103e+08
374.00000000	6.909074388008e-11	9.230211639452e+08
375.00000000	6.913069734368e-11	9.235549241916e+08
376.00000000	6.917039950928e-11	9.240853272101e+08
377.00000000	6.920985232532e-11	9.246123990310e+08
378.00000000	6.924905772322e-11	9.251361654571e+08
379.00000000	6.928801761745e-11	9.256566520650e+08
380.00000000	6.932673390574e-11	9.261738842076e+08
381.00000000	6.936520846925e-11	9.266878870159e+08
382.00000000	6.940344317263e-11	9.271986854014e+08
383.00000000	6.944143986429e-11	9.277063040575e+08
384.00000000	6.947920037644e-11	9.282107674619e+08
385.00000000	6.951672652530e-11	9.287120998786e+08
386.00000000	6.955402011123e-11	9.292103253595e+08
387.00000000	6.959108291888e-11	9.297054677467e+08
388.00000000	6.962791671732e-11	9.301975506741e+08
389.00000000	6.966452326017e-11	9.306865975695e+08
390.00000000	6.970090428581e-11	9.311726316565e+08
391.00000000	6.973706151741e-11	9.316556759563e+08
392.00000000	6.977299666317e-11	9.321357532894e+08
393.00000000	6.980871141640e-11	9.326128862778e+08
394.00000000	6.984420745567e-11	9.330870973464e+08
395.00000000	6.987948644497e-11	9.335584087252e+08
396.00000000	6.991455003379e-11	9.340268424509e+08
397.00000000	6.994939985729e-11	9.344924203684e+08
398.00000000	6.998403753646e-11	9.349551641333e+08
399.00000000	7.001846467817e-11	9.354150952127e+08
400.00000000	7.005268287537e-11	9.358722348878e+08
