# meta_json: {"summary": {"has_transmission_per_m2": true, "n_temperature_points": 401, "temperature_max_k": 400.0, "temperature_min_k": 0.0, "transmission_metadata": {"atom_symbols": ["N", "N", "N", "N", "N", "N", "Ta", "Ta", "Ta", "Ta", "Ta", "Ta", "Ta", "Ta"], "lattice_vectors_override_angstrom": null, "lattice_vectors_raw": [[2.9399421782000004, -5.0921292238, 0.0], [2.9399421782000004, 5.0921292238, 0.0], [0.0, 0.0, 5.78035016]], "source_format": "phonopy_force_constants", "thickness_angstrom": null, "thickness_direction": null, "transport_direction": 3, "transverse_area_m2": 2.99411309637889e-19}, "transmission_path": "/home/zhouhb/Desktop/workspace/TaN/phonon_hybrid/N25%/z/transmission.tsv"}}
# temperature_K	conductance_W_per_K	conductance_per_area_W_per_m2K
0.00000000	0.000000000000e+00	0.000000000000e+00
1.00000000	1.998917002150e-14	6.676157305374e+04
2.00000000	4.845476066882e-14	1.618334348406e+05
3.00000000	8.033114166358e-14	2.682969516440e+05
4.00000000	1.276943282183e-13	4.264846520752e+05
5.00000000	2.048232872280e-13	6.840866748678e+05
6.00000000	3.234064763498e-13	1.080141150115e+06
7.00000000	4.930072902345e-13	1.646588737181e+06
8.00000000	7.209423595109e-13	2.407866157036e+06
9.00000000	1.011580803452e-12	3.378565775206e+06
10.00000000	1.366083397612e-12	4.562564451103e+06
11.00000000	1.782773187033e-12	5.954261344334e+06
12.00000000	2.257880431056e-12	7.541065946329e+06
13.00000000	2.786364814551e-12	9.306144173115e+06
14.00000000	3.362624880321e-12	1.123078778951e+07
15.00000000	3.981016739129e-12	1.329614684209e+07
16.00000000	4.636178838954e-12	1.548431435192e+07
17.00000000	5.323196973082e-12	1.777887742290e+07
18.00000000	6.037655349629e-12	2.016508780824e+07
19.00000000	6.775616828145e-12	2.262979590297e+07
20.00000000	7.533566499158e-12	2.516126230592e+07
21.00000000	8.308342534608e-12	2.774892686805e+07
22.00000000	9.097069144053e-12	3.038318477366e+07
23.00000000	9.897099463332e-12	3.305519579505e+07
24.00000000	1.070597135120e-11	3.575673665816e+07
25.00000000	1.152137604965e-11	3.848009637172e+07
26.00000000	1.234113802571e-11	4.121800890097e+07
27.00000000	1.316320362378e-11	4.396361526791e+07
28.00000000	1.398563606505e-11	4.671044684974e+07
29.00000000	1.480661456974e-11	4.945242244738e+07
30.00000000	1.562443577086e-11	5.218385300728e+07
31.00000000	1.643751601990e-11	5.489944932199e+07
32.00000000	1.724439359063e-11	5.759432939084e+07
33.00000000	1.804373013556e-11	6.026402328416e+07
34.00000000	1.883431102776e-11	6.290447428503e+07
35.00000000	1.961504443171e-11	6.551203578593e+07
36.00000000	2.038495909678e-11	6.808346391936e+07
37.00000000	2.114320096699e-11	7.061590623468e+07
38.00000000	2.188902876087e-11	7.310688693536e+07
39.00000000	2.262180870578e-11	7.555428929235e+07
40.00000000	2.334100862039e-11	7.795633587996e+07
41.00000000	2.404619153308e-11	8.031156726233e+07
42.00000000	2.473700901000e-11	8.261881970965e+07
43.00000000	2.541319434589e-11	8.487720245647e+07
44.00000000	2.607455574910e-11	8.708607494031e+07
45.00000000	2.672096962918e-11	8.924502438302e+07
46.00000000	2.735237407406e-11	9.135384400524e+07
47.00000000	2.796876258378e-11	9.341251209786e+07
48.00000000	2.857017811029e-11	9.542117211552e+07
49.00000000	2.915670743732e-11	9.738011390612e+07
50.00000000	2.972847592169e-11	9.928975614729e+07
51.00000000	3.028564260646e-11	1.011506300249e+08
52.00000000	3.082839570794e-11	1.029633641602e+08
53.00000000	3.135694847156e-11	1.047286707689e+08
54.00000000	3.187153538650e-11	1.064473330184e+08
55.00000000	3.237240874493e-11	1.081201935361e+08
56.00000000	3.285983552913e-11	1.097481440126e+08
57.00000000	3.333409460769e-11	1.113321158376e+08
58.00000000	3.379547422116e-11	1.128730717020e+08
59.00000000	3.424426973676e-11	1.143719980991e+08
60.00000000	3.468078165203e-11	1.158298986567e+08
61.00000000	3.510531382749e-11	1.172477882347e+08
62.00000000	3.551817192896e-11	1.186266877224e+08
63.00000000	3.591966206127e-11	1.199676194754e+08
64.00000000	3.631008957574e-11	1.212716033327e+08
65.00000000	3.668975803502e-11	1.225396531594e+08
66.00000000	3.705896831994e-11	1.237727738633e+08
67.00000000	3.741801786412e-11	1.249719588394e+08
68.00000000	3.776720000315e-11	1.261381877953e+08
69.00000000	3.810680342615e-11	1.272724249202e+08
70.00000000	3.843711171879e-11	1.283756173582e+08
71.00000000	3.875840298747e-11	1.294486939533e+08
72.00000000	3.907094955549e-11	1.304925642346e+08
73.00000000	3.937501772295e-11	1.315081176144e+08
74.00000000	3.967086758275e-11	1.324962227737e+08
75.00000000	3.995875288585e-11	1.334577272120e+08
76.00000000	4.023892094983e-11	1.343934569422e+08
77.00000000	4.051161260494e-11	1.353042163101e+08
78.00000000	4.077706217313e-11	1.361907879246e+08
79.00000000	4.103549747527e-11	1.370539326818e+08
80.00000000	4.128713986289e-11	1.378943898706e+08
81.00000000	4.153220427076e-11	1.387128773492e+08
82.00000000	4.177089928744e-11	1.395100917796e+08
83.00000000	4.200342724074e-11	1.402867089140e+08
84.00000000	4.222998429589e-11	1.410433839221e+08
85.00000000	4.245076056422e-11	1.417807517544e+08
86.00000000	4.266594022032e-11	1.424994275331e+08
87.00000000	4.287570162623e-11	1.432000069673e+08
88.00000000	4.308021746090e-11	1.438830667853e+08
89.00000000	4.327965485404e-11	1.445491651814e+08
90.00000000	4.347417552277e-11	1.451988422727e+08
91.00000000	4.366393591053e-11	1.458326205625e+08
92.00000000	4.384908732707e-11	1.464510054083e+08
93.00000000	4.402977608902e-11	1.470544854911e+08
94.00000000	4.420614366023e-11	1.476435332844e+08
95.00000000	4.437832679156e-11	1.482186055204e+08
96.00000000	4.454645765933e-11	1.487801436532e+08
97.00000000	4.471066400243e-11	1.493285743164e+08
98.00000000	4.487106925745e-11	1.498643097741e+08
99.00000000	4.502779269168e-11	1.503877483657e+08
100.00000000	4.518094953380e-11	1.508992749420e+08
101.00000000	4.533065110196e-11	1.513992612930e+08
102.00000000	4.547700492918e-11	1.518880665670e+08
103.00000000	4.562011488597e-11	1.523660376796e+08
104.00000000	4.576008129997e-11	1.528335097138e+08
105.00000000	4.589700107271e-11	1.532908063100e+08
106.00000000	4.603096779327e-11	1.537382400449e+08
107.00000000	4.616207184901e-11	1.541761128023e+08
108.00000000	4.629040053315e-11	1.546047161316e+08
109.00000000	4.641603814938e-11	1.550243315976e+08
110.00000000	4.653906611343e-11	1.554352311197e+08
111.00000000	4.665956305163e-11	1.558376773010e+08
112.00000000	4.677760489653e-11	1.562319237476e+08
113.00000000	4.689326497957e-11	1.566182153783e+08
114.00000000	4.700661412092e-11	1.569967887244e+08
115.00000000	4.711772071643e-11	1.573678722204e+08
116.00000000	4.722665082188e-11	1.577316864850e+08
117.00000000	4.733346823447e-11	1.580884445939e+08
118.00000000	4.743823457174e-11	1.584383523425e+08
119.00000000	4.754100934776e-11	1.587816085012e+08
120.00000000	4.764185004698e-11	1.591184050616e+08
121.00000000	4.774081219550e-11	1.594489274745e+08
122.00000000	4.783794942995e-11	1.597733548803e+08
123.00000000	4.793331356416e-11	1.600918603313e+08
124.00000000	4.802695465342e-11	1.604046110065e+08
125.00000000	4.811892105665e-11	1.607117684193e+08
126.00000000	4.820925949643e-11	1.610134886178e+08
127.00000000	4.829801511691e-11	1.613099223784e+08
128.00000000	4.838523153975e-11	1.616012153925e+08
129.00000000	4.847095091817e-11	1.618875084471e+08
130.00000000	4.855521398901e-11	1.621689375987e+08
131.00000000	4.863806012309e-11	1.624456343413e+08
132.00000000	4.871952737368e-11	1.627177257686e+08
133.00000000	4.879965252341e-11	1.629853347304e+08
134.00000000	4.887847112940e-11	1.632485799836e+08
135.00000000	4.895601756687e-11	1.635075763373e+08
136.00000000	4.903232507118e-11	1.637624347941e+08
137.00000000	4.910742577838e-11	1.640132626846e+08
138.00000000	4.918135076435e-11	1.642601637989e+08
139.00000000	4.925413008248e-11	1.645032385118e+08
140.00000000	4.932579280007e-11	1.647425839048e+08
141.00000000	4.939636703341e-11	1.649782938833e+08
142.00000000	4.946587998160e-11	1.652104592890e+08
143.00000000	4.953435795913e-11	1.654391680095e+08
144.00000000	4.960182642736e-11	1.656645050828e+08
145.00000000	4.966831002482e-11	1.658865527989e+08
146.00000000	4.973383259639e-11	1.661053907968e+08
147.00000000	4.979841722154e-11	1.663210961596e+08
148.00000000	4.986208624141e-11	1.665337435039e+08
149.00000000	4.992486128504e-11	1.667434050685e+08
150.00000000	4.998676329455e-11	1.669501507976e+08
151.00000000	5.004781254950e-11	1.671540484227e+08
152.00000000	5.010802869029e-11	1.673551635404e+08
153.00000000	5.016743074077e-11	1.675535596883e+08
154.00000000	5.022603713001e-11	1.677492984175e+08
155.00000000	5.028386571325e-11	1.679424393623e+08
156.00000000	5.034093379216e-11	1.681330403085e+08
157.00000000	5.039725813432e-11	1.683211572578e+08
158.00000000	5.045285499198e-11	1.685068444909e+08
159.00000000	5.050774012014e-11	1.686901546278e+08
160.00000000	5.056192879405e-11	1.688711386861e+08
161.00000000	5.061543582596e-11	1.690498461370e+08
162.00000000	5.066827558134e-11	1.692263249595e+08
163.00000000	5.072046199446e-11	1.694006216926e+08
164.00000000	5.077200858347e-11	1.695727814854e+08
165.00000000	5.082292846485e-11	1.697428481453e+08
166.00000000	5.087323436739e-11	1.699108641852e+08
167.00000000	5.092293864565e-11	1.700768708678e+08
168.00000000	5.097205329291e-11	1.702409082494e+08
169.00000000	5.102058995366e-11	1.704030152213e+08
170.00000000	5.106855993568e-11	1.705632295502e+08
171.00000000	5.111597422157e-11	1.707215879166e+08
172.00000000	5.116284348000e-11	1.708781259528e+08
173.00000000	5.120917807643e-11	1.710328782783e+08
174.00000000	5.125498808351e-11	1.711858785344e+08
175.00000000	5.130028329108e-11	1.713371594183e+08
176.00000000	5.134507321580e-11	1.714867527145e+08
177.00000000	5.138936711046e-11	1.716346893262e+08
178.00000000	5.143317397289e-11	1.717809993053e+08
179.00000000	5.147650255464e-11	1.719257118808e+08
180.00000000	5.151936136924e-11	1.720688554870e+08
181.00000000	5.156175870024e-11	1.722104577900e+08
182.00000000	5.160370260890e-11	1.723505457135e+08
183.00000000	5.164520094167e-11	1.724891454639e+08
184.00000000	5.168626133734e-11	1.726262825538e+08
185.00000000	5.172689123394e-11	1.727619818253e+08
186.00000000	5.176709787542e-11	1.728962674724e+08
187.00000000	5.180688831804e-11	1.730291630623e+08
188.00000000	5.184626943659e-11	1.731606915560e+08
189.00000000	5.188524793035e-11	1.732908753283e+08
190.00000000	5.192383032880e-11	1.734197361870e+08
191.00000000	5.196202299721e-11	1.735472953913e+08
192.00000000	5.199983214197e-11	1.736735736698e+08
193.00000000	5.203726381570e-11	1.737985912377e+08
194.00000000	5.207432392228e-11	1.739223678132e+08
195.00000000	5.211101822157e-11	1.740449226337e+08
196.00000000	5.214735233409e-11	1.741662744709e+08
197.00000000	5.218333174541e-11	1.742864416462e+08
198.00000000	5.221896181048e-11	1.744054420444e+08
199.00000000	5.225424775775e-11	1.745232931279e+08
200.00000000	5.228919469315e-11	1.746400119501e+08
201.00000000	5.232380760398e-11	1.747556151678e+08
202.00000000	5.235809136256e-11	1.748701190542e+08
203.00000000	5.239205072985e-11	1.749835395103e+08
204.00000000	5.242569035889e-11	1.750958920767e+08
205.00000000	5.245901479813e-11	1.752071919447e+08
206.00000000	5.249202849463e-11	1.753174539670e+08
207.00000000	5.252473579719e-11	1.754266926681e+08
208.00000000	5.255714095931e-11	1.755349222542e+08
209.00000000	5.258924814205e-11	1.756421566228e+08
210.00000000	5.262106141689e-11	1.757484093722e+08
211.00000000	5.265258476834e-11	1.758536938101e+08
212.00000000	5.268382209657e-11	1.759580229628e+08
213.00000000	5.271477721990e-11	1.760614095829e+08
214.00000000	5.274545387720e-11	1.761638661579e+08
215.00000000	5.277585573026e-11	1.762654049177e+08
216.00000000	5.280598636598e-11	1.763660378422e+08
217.00000000	5.283584929860e-11	1.764657766685e+08
218.00000000	5.286544797174e-11	1.765646328981e+08
219.00000000	5.289478576050e-11	1.766626178031e+08
220.00000000	5.292386597331e-11	1.767597424336e+08
221.00000000	5.295269185392e-11	1.768560176232e+08
222.00000000	5.298126658314e-11	1.769514539956e+08
223.00000000	5.300959328067e-11	1.770460619700e+08
224.00000000	5.303767500675e-11	1.771398517674e+08
225.00000000	5.306551476382e-11	1.772328334157e+08
226.00000000	5.309311549812e-11	1.773250167548e+08
227.00000000	5.312048010120e-11	1.774164114423e+08
228.00000000	5.314761141142e-11	1.775070269580e+08
229.00000000	5.317451221539e-11	1.775968726088e+08
230.00000000	5.320118524931e-11	1.776859575333e+08
231.00000000	5.322763320037e-11	1.777742907065e+08
232.00000000	5.325385870801e-11	1.778618809437e+08
233.00000000	5.327986436516e-11	1.779487369051e+08
234.00000000	5.330565271950e-11	1.780348670996e+08
235.00000000	5.333122627455e-11	1.781202798887e+08
236.00000000	5.335658749089e-11	1.782049834905e+08
237.00000000	5.338173878719e-11	1.782889859830e+08
238.00000000	5.340668254130e-11	1.783722953081e+08
239.00000000	5.343142109128e-11	1.784549192744e+08
240.00000000	5.345595673635e-11	1.785368655613e+08
241.00000000	5.348029173792e-11	1.786181417215e+08
242.00000000	5.350442832044e-11	1.786987551845e+08
243.00000000	5.352836867237e-11	1.787787132594e+08
244.00000000	5.355211494700e-11	1.788580231380e+08
245.00000000	5.357566926332e-11	1.789366918976e+08
246.00000000	5.359903370684e-11	1.790147265034e+08
247.00000000	5.362221033037e-11	1.790921338116e+08
248.00000000	5.364520115477e-11	1.791689205717e+08
249.00000000	5.366800816973e-11	1.792450934289e+08
250.00000000	5.369063333446e-11	1.793206589270e+08
251.00000000	5.371307857842e-11	1.793956235100e+08
252.00000000	5.373534580195e-11	1.794699935248e+08
253.00000000	5.375743687697e-11	1.795437752234e+08
254.00000000	5.377935364758e-11	1.796169747650e+08
255.00000000	5.380109793070e-11	1.796895982178e+08
256.00000000	5.382267151667e-11	1.797616515614e+08
257.00000000	5.384407616981e-11	1.798331406884e+08
258.00000000	5.386531362899e-11	1.799040714064e+08
259.00000000	5.388638560820e-11	1.799744494400e+08
260.00000000	5.390729379704e-11	1.800442804323e+08
261.00000000	5.392803986127e-11	1.801135699466e+08
262.00000000	5.394862544327e-11	1.801823234684e+08
263.00000000	5.396905216257e-11	1.802505464067e+08
264.00000000	5.398932161631e-11	1.803182440957e+08
265.00000000	5.400943537966e-11	1.803854217964e+08
266.00000000	5.402939500630e-11	1.804520846980e+08
267.00000000	5.404920202887e-11	1.805182379190e+08
268.00000000	5.406885795932e-11	1.805838865095e+08
269.00000000	5.408836428941e-11	1.806490354517e+08
270.00000000	5.410772249102e-11	1.807136896614e+08
271.00000000	5.412693401660e-11	1.807778539898e+08
272.00000000	5.414600029950e-11	1.808415332239e+08
273.00000000	5.416492275438e-11	1.809047320887e+08
274.00000000	5.418370277751e-11	1.809674552476e+08
275.00000000	5.420234174718e-11	1.810297073037e+08
276.00000000	5.422084102396e-11	1.810914928014e+08
277.00000000	5.423920195111e-11	1.811528162270e+08
278.00000000	5.425742585483e-11	1.812136820097e+08
279.00000000	5.427551404461e-11	1.812740945232e+08
280.00000000	5.429346781352e-11	1.813340580861e+08
281.00000000	5.431128843849e-11	1.813935769633e+08
282.00000000	5.432897718064e-11	1.814526553668e+08
283.00000000	5.434653528550e-11	1.815112974564e+08
284.00000000	5.436396398333e-11	1.815695073412e+08
285.00000000	5.438126448936e-11	1.816272890798e+08
286.00000000	5.439843800407e-11	1.816846466817e+08
287.00000000	5.441548571341e-11	1.817415841079e+08
288.00000000	5.443240878909e-11	1.817981052717e+08
289.00000000	5.444920838878e-11	1.818542140397e+08
290.00000000	5.446588565637e-11	1.819099142322e+08
291.00000000	5.448244172216e-11	1.819652096244e+08
292.00000000	5.449887770316e-11	1.820201039469e+08
293.00000000	5.451519470323e-11	1.820746008865e+08
294.00000000	5.453139381332e-11	1.821287040869e+08
295.00000000	5.454747611170e-11	1.821824171494e+08
296.00000000	5.456344266413e-11	1.822357436335e+08
297.00000000	5.457929452407e-11	1.822886870576e+08
298.00000000	5.459503273289e-11	1.823412508997e+08
299.00000000	5.461065832004e-11	1.823934385982e+08
300.00000000	5.462617230322e-11	1.824452535520e+08
301.00000000	5.464157568862e-11	1.824966991217e+08
302.00000000	5.465686947101e-11	1.825477786297e+08
303.00000000	5.467205463401e-11	1.825984953612e+08
304.00000000	5.468713215018e-11	1.826488525645e+08
305.00000000	5.470210298122e-11	1.826988534514e+08
306.00000000	5.471696807814e-11	1.827485011983e+08
307.00000000	5.473172838139e-11	1.827977989461e+08
308.00000000	5.474638482104e-11	1.828467498013e+08
309.00000000	5.476093831692e-11	1.828953568359e+08
310.00000000	5.477538977878e-11	1.829436230883e+08
311.00000000	5.478974010642e-11	1.829915515639e+08
312.00000000	5.480399018984e-11	1.830391452351e+08
313.00000000	5.481814090939e-11	1.830864070422e+08
314.00000000	5.483219313588e-11	1.831333398935e+08
315.00000000	5.484614773076e-11	1.831799466663e+08
316.00000000	5.486000554618e-11	1.832262302066e+08
317.00000000	5.487376742521e-11	1.832721933302e+08
318.00000000	5.488743420188e-11	1.833178388227e+08
319.00000000	5.490100670136e-11	1.833631694399e+08
320.00000000	5.491448574006e-11	1.834081879087e+08
321.00000000	5.492787212576e-11	1.834528969269e+08
322.00000000	5.494116665770e-11	1.834972991640e+08
323.00000000	5.495437012673e-11	1.835413972611e+08
324.00000000	5.496748331540e-11	1.835851938321e+08
325.00000000	5.498050699809e-11	1.836286914632e+08
326.00000000	5.499344194110e-11	1.836718927138e+08
327.00000000	5.500628890275e-11	1.837148001165e+08
328.00000000	5.501904863351e-11	1.837574161779e+08
329.00000000	5.503172187608e-11	1.837997433785e+08
330.00000000	5.504430936551e-11	1.838417841734e+08
331.00000000	5.505681182928e-11	1.838835409921e+08
332.00000000	5.506922998743e-11	1.839250162395e+08
333.00000000	5.508156455259e-11	1.839662122957e+08
334.00000000	5.509381623015e-11	1.840071315168e+08
335.00000000	5.510598571830e-11	1.840477762345e+08
336.00000000	5.511807370816e-11	1.840881487570e+08
337.00000000	5.513008088382e-11	1.841282513693e+08
338.00000000	5.514200792248e-11	1.841680863331e+08
339.00000000	5.515385549450e-11	1.842076558872e+08
340.00000000	5.516562426349e-11	1.842469622481e+08
341.00000000	5.517731488642e-11	1.842860076099e+08
342.00000000	5.518892801366e-11	1.843247941449e+08
343.00000000	5.520046428910e-11	1.843633240036e+08
344.00000000	5.521192435019e-11	1.844015993149e+08
345.00000000	5.522330882807e-11	1.844396221868e+08
346.00000000	5.523461834759e-11	1.844773947063e+08
347.00000000	5.524585352742e-11	1.845149189396e+08
348.00000000	5.525701498012e-11	1.845521969325e+08
349.00000000	5.526810331222e-11	1.845892307110e+08
350.00000000	5.527911912425e-11	1.846260222805e+08
351.00000000	5.529006301087e-11	1.846625736274e+08
352.00000000	5.530093556090e-11	1.846988867180e+08
353.00000000	5.531173735742e-11	1.847349634999e+08
354.00000000	5.532246897779e-11	1.847708059014e+08
355.00000000	5.533313099376e-11	1.848064158320e+08
356.00000000	5.534372397152e-11	1.848417951829e+08
357.00000000	5.535424847177e-11	1.848769458265e+08
358.00000000	5.536470504978e-11	1.849118696176e+08
359.00000000	5.537509425545e-11	1.849465683926e+08
360.00000000	5.538541663336e-11	1.849810439704e+08
361.00000000	5.539567272287e-11	1.850152981525e+08
362.00000000	5.540586305815e-11	1.850493327228e+08
363.00000000	5.541598816822e-11	1.850831494483e+08
364.00000000	5.542604857706e-11	1.851167500790e+08
365.00000000	5.543604480364e-11	1.851501363482e+08
366.00000000	5.544597736197e-11	1.851833099726e+08
367.00000000	5.545584676114e-11	1.852162726525e+08
368.00000000	5.546565350545e-11	1.852490260723e+08
369.00000000	5.547539809437e-11	1.852815719001e+08
370.00000000	5.548508102265e-11	1.853139117883e+08
371.00000000	5.549470278036e-11	1.853460473737e+08
372.00000000	5.550426385295e-11	1.853779802776e+08
373.00000000	5.551376472127e-11	1.854097121061e+08
374.00000000	5.552320586166e-11	1.854412444500e+08
375.00000000	5.553258774598e-11	1.854725788854e+08
376.00000000	5.554191084167e-11	1.855037169733e+08
377.00000000	5.555117561178e-11	1.855346602604e+08
378.00000000	5.556038251503e-11	1.855654102787e+08
379.00000000	5.556953200587e-11	1.855959685460e+08
380.00000000	5.557862453450e-11	1.856263365660e+08
381.00000000	5.558766054693e-11	1.856565158282e+08
382.00000000	5.559664048503e-11	1.856865078085e+08
383.00000000	5.560556478658e-11	1.857163139690e+08
384.00000000	5.561443388528e-11	1.857459357582e+08
385.00000000	5.562324821084e-11	1.857753746113e+08
386.00000000	5.563200818900e-11	1.858046319502e+08
387.00000000	5.564071424156e-11	1.858337091837e+08
388.00000000	5.564936678645e-11	1.858626077076e+08
389.00000000	5.565796623774e-11	1.858913289049e+08
390.00000000	5.566651300573e-11	1.859198741459e+08
391.00000000	5.567500749693e-11	1.859482447883e+08
392.00000000	5.568345011414e-11	1.859764421774e+08
393.00000000	5.569184125648e-11	1.860044676463e+08
394.00000000	5.570018131942e-11	1.860323225158e+08
395.00000000	5.570847069485e-11	1.860600080946e+08
396.00000000	5.571670977107e-11	1.860875256798e+08
397.00000000	5.572489893285e-11	1.861148765564e+08
398.00000000	5.573303856148e-11	1.861420619979e+08
399.00000000	5.574112903480e-11	1.861690832661e+08
400.00000000	5.574917072723e-11	1.861959416117e+08
