# meta_json: {"summary": {"has_transmission_per_m2": true, "n_temperature_points": 401, "temperature_max_k": 400.0, "temperature_min_k": 0.0, "transmission_metadata": {"atom_symbols": ["N", "Ta"], "lattice_vectors_override_angstrom": null, "lattice_vectors_raw": [[1.4699710891, -2.5460646119, 0.0], [1.4699710891, 2.5460646119, 0.0], [0.0, 0.0, 2.89017508]], "source_format": "phonopy_force_constants", "thickness_angstrom": null, "thickness_direction": null, "transport_direction": 2, "transverse_area_m2": 7.358572493553535e-20}, "transmission_path": "/home/zhouhb/Desktop/workspace/TaN/phonon_hybrid/pristine/y/transmission.tsv"}}
# temperature_K	conductance_W_per_K	conductance_per_area_W_per_m2K
0.00000000	0.000000000000e+00	0.000000000000e+00
1.00000000	1.725613450008e-15	2.345038323017e+04
2.00000000	1.186776347879e-14	1.612780670325e+05
3.00000000	2.293797861096e-14	3.117177772055e+05
4.00000000	3.410118519947e-14	4.634212033564e+05
5.00000000	4.577745921215e-14	6.220970066172e+05
6.00000000	5.885424017782e-14	7.998051283641e+05
7.00000000	7.445333086546e-14	1.011790410853e+06
8.00000000	9.369814319655e-14	1.273319564068e+06
9.00000000	1.176288313141e-13	1.598527858728e+06
10.00000000	1.472050288619e-13	2.000456324795e+06
11.00000000	1.833311932110e-13	2.491396169184e+06
12.00000000	2.268810321266e-13	3.083220724201e+06
13.00000000	2.787180562086e-13	3.787664746835e+06
14.00000000	3.397133716891e-13	4.616566215617e+06
15.00000000	4.107607211665e-13	5.582070728070e+06
16.00000000	4.927874862753e-13	6.696781022502e+06
17.00000000	5.867600185039e-13	7.973829421643e+06
18.00000000	6.936821206397e-13	9.426857196113e+06
19.00000000	8.145863704084e-13	1.106989665621e+07
20.00000000	9.505189095309e-13	1.291716444139e+07
21.00000000	1.102519077349e-12	1.498278474955e+07
22.00000000	1.271595730242e-12	1.728046752757e+07
23.00000000	1.458702238391e-12	1.982316868753e+07
24.00000000	1.664712038639e-12	2.262275787997e+07
25.00000000	1.890396326385e-12	2.568971533597e+07
26.00000000	2.136405075246e-12	2.903287393197e+07
27.00000000	2.403252152532e-12	3.265921691521e+07
28.00000000	2.691304904013e-12	3.657373636491e+07
29.00000000	3.000778245025e-12	4.077935289289e+07
30.00000000	3.331733031790e-12	4.527689351037e+07
31.00000000	3.684078299145e-12	5.006512203790e+07
32.00000000	4.057576832792e-12	5.514081482987e+07
33.00000000	4.451853485158e-12	6.049887378372e+07
34.00000000	4.866405631850e-12	6.613246843886e+07
35.00000000	5.300615188218e-12	7.203319927692e+07
36.00000000	5.753761651879e-12	7.819127496426e+07
37.00000000	6.225035697836e-12	8.459569710416e+07
38.00000000	6.713552920801e-12	9.123444698931e+07
39.00000000	7.218367388878e-12	9.809466979094e+07
40.00000000	7.738484739986e-12	1.051628525338e+08
41.00000000	8.272874614644e-12	1.124249930525e+08
42.00000000	8.820482274506e-12	1.198667578832e+08
43.00000000	9.380239304556e-12	1.274736277012e+08
44.00000000	9.951073337976e-12	1.352310294788e+08
45.00000000	1.053191677674e-11	1.431244549941e+08
46.00000000	1.112171450838e-11	1.511395656987e+08
47.00000000	1.171943064073e-11	1.592622842406e+08
48.00000000	1.232405429299e-11	1.674788731617e+08
49.00000000	1.293460449287e-11	1.757760014487e+08
50.00000000	1.355013423801e-11	1.841407997255e+08
51.00000000	1.416973378467e-11	1.925609049457e+08
52.00000000	1.479253322927e-11	2.010244954742e+08
53.00000000	1.541770444894e-11	2.095203174589e+08
54.00000000	1.604446246621e-11	2.180377033761e+08
55.00000000	1.667206630109e-11	2.265665836097e+08
56.00000000	1.729981937062e-11	2.350974918814e+08
57.00000000	1.792706949284e-11	2.436215653042e+08
58.00000000	1.855320854801e-11	2.521305397788e+08
59.00000000	1.917767184621e-11	2.606167413994e+08
60.00000000	1.979993724620e-11	2.690730744794e+08
61.00000000	2.041952406651e-11	2.774930067536e+08
62.00000000	2.103599182579e-11	2.858705522603e+08
63.00000000	2.164893884581e-11	2.942002523556e+08
64.00000000	2.225800074666e-11	3.024771552656e+08
65.00000000	2.286284886088e-11	3.106967945334e+08
66.00000000	2.346318858962e-11	3.188551666804e+08
67.00000000	2.405875772136e-11	3.269487083594e+08
68.00000000	2.464932473122e-11	3.349742732414e+08
69.00000000	2.523468707601e-11	3.429291088471e+08
70.00000000	2.581466949856e-11	3.508108335031e+08
71.00000000	2.638912235251e-11	3.586174135761e+08
72.00000000	2.695791995707e-11	3.663471411158e+08
73.00000000	2.752095898981e-11	3.739986120123e+08
74.00000000	2.807815692382e-11	3.815707047586e+08
75.00000000	2.862945051467e-11	3.890625598886e+08
76.00000000	2.917479434116e-11	3.964735601465e+08
77.00000000	2.971415940307e-11	4.038033114317e+08
78.00000000	3.024753177830e-11	4.110516245481e+08
79.00000000	3.077491134067e-11	4.182184977810e+08
80.00000000	3.129631053949e-11	4.253041003117e+08
81.00000000	3.181175324113e-11	4.323087564742e+08
82.00000000	3.232127363232e-11	4.392329308523e+08
83.00000000	3.282491518472e-11	4.460772142081e+08
84.00000000	3.332272967971e-11	4.528423102293e+08
85.00000000	3.381477629218e-11	4.595290230789e+08
86.00000000	3.430112073192e-11	4.661382457259e+08
87.00000000	3.478183444080e-11	4.726709490362e+08
88.00000000	3.525699384398e-11	4.791281715966e+08
89.00000000	3.572667965322e-11	4.855110102472e+08
90.00000000	3.619097622024e-11	4.918206112931e+08
91.00000000	3.664997093791e-11	4.980581623680e+08
92.00000000	3.710375368734e-11	5.042248849196e+08
93.00000000	3.755241632852e-11	5.103220272875e+08
94.00000000	3.799605223244e-11	5.163508583455e+08
95.00000000	3.843475585256e-11	5.223126616776e+08
96.00000000	3.886862233340e-11	5.282087302592e+08
97.00000000	3.929774715436e-11	5.340403616161e+08
98.00000000	3.972222580649e-11	5.398088534331e+08
99.00000000	4.014215350050e-11	5.455154995846e+08
100.00000000	4.055762490380e-11	5.511615865622e+08
101.00000000	4.096873390497e-11	5.567483902735e+08
102.00000000	4.137557340373e-11	5.622771731878e+08
103.00000000	4.177823512471e-11	5.677491818055e+08
104.00000000	4.217680945339e-11	5.731656444282e+08
105.00000000	4.257138529261e-11	5.785277692094e+08
106.00000000	4.296204993820e-11	5.838367424638e+08
107.00000000	4.334888897224e-11	5.890937272170e+08
108.00000000	4.373198617264e-11	5.942998619766e+08
109.00000000	4.411142343770e-11	5.994562597073e+08
110.00000000	4.448728072453e-11	6.045640069933e+08
111.00000000	4.485963600004e-11	6.096241633733e+08
112.00000000	4.522856520357e-11	6.146377608319e+08
113.00000000	4.559414222003e-11	6.196058034349e+08
114.00000000	4.595643886266e-11	6.245292670952e+08
115.00000000	4.631552486451e-11	6.294090994562e+08
116.00000000	4.667146787770e-11	6.342462198828e+08
117.00000000	4.702433347989e-11	6.390415195485e+08
118.00000000	4.737418518698e-11	6.437958616087e+08
119.00000000	4.772108447157e-11	6.485100814510e+08
120.00000000	4.806509078645e-11	6.531849870142e+08
121.00000000	4.840626159246e-11	6.578213591681e+08
122.00000000	4.874465239040e-11	6.624199521456e+08
123.00000000	4.908031675622e-11	6.669814940223e+08
124.00000000	4.941330637926e-11	6.715066872352e+08
125.00000000	4.974367110293e-11	6.759962091358e+08
126.00000000	5.007145896757e-11	6.804507125728e+08
127.00000000	5.039671625506e-11	6.848708264981e+08
128.00000000	5.071948753484e-11	6.892571565922e+08
129.00000000	5.103981571111e-11	6.936102859056e+08
130.00000000	5.135774207086e-11	6.979307755119e+08
131.00000000	5.167330633253e-11	7.022191651682e+08
132.00000000	5.198654669501e-11	7.064759739820e+08
133.00000000	5.229749988688e-11	7.107017010799e+08
134.00000000	5.260620121563e-11	7.148968262759e+08
135.00000000	5.291268461662e-11	7.190618107381e+08
136.00000000	5.321698270189e-11	7.231970976505e+08
137.00000000	5.351912680832e-11	7.273031128688e+08
138.00000000	5.381914704542e-11	7.313802655687e+08
139.00000000	5.411707234226e-11	7.354289488847e+08
140.00000000	5.441293049378e-11	7.394495405386e+08
141.00000000	5.470674820620e-11	7.434424034570e+08
142.00000000	5.499855114149e-11	7.474078863757e+08
143.00000000	5.528836396096e-11	7.513463244318e+08
144.00000000	5.557621036774e-11	7.552580397411e+08
145.00000000	5.586211314827e-11	7.591433419621e+08
146.00000000	5.614609421267e-11	7.630025288445e+08
147.00000000	5.642817463403e-11	7.668358867629e+08
148.00000000	5.670837468652e-11	7.706436912349e+08
149.00000000	5.698671388238e-11	7.744262074241e+08
150.00000000	5.726321100777e-11	7.781836906266e+08
151.00000000	5.753788415744e-11	7.819163867428e+08
152.00000000	5.781075076826e-11	7.856245327324e+08
153.00000000	5.808182765155e-11	7.893083570547e+08
154.00000000	5.835113102434e-11	7.929680800924e+08
155.00000000	5.861867653946e-11	7.966039145611e+08
156.00000000	5.888447931449e-11	8.002160659024e+08
157.00000000	5.914855395961e-11	8.038047326628e+08
158.00000000	5.941091460442e-11	8.073701068579e+08
159.00000000	5.967157492360e-11	8.109123743209e+08
160.00000000	5.993054816162e-11	8.144317150387e+08
161.00000000	6.018784715633e-11	8.179283034726e+08
162.00000000	6.044348436163e-11	8.214023088661e+08
163.00000000	6.069747186915e-11	8.248538955391e+08
164.00000000	6.094982142890e-11	8.282832231698e+08
165.00000000	6.120054446910e-11	8.316904470632e+08
166.00000000	6.144965211509e-11	8.350757184077e+08
167.00000000	6.169715520729e-11	8.384391845203e+08
168.00000000	6.194306431839e-11	8.417809890797e+08
169.00000000	6.218738976970e-11	8.451012723484e+08
170.00000000	6.243014164674e-11	8.484001713842e+08
171.00000000	6.267132981396e-11	8.516778202411e+08
172.00000000	6.291096392884e-11	8.549343501603e+08
173.00000000	6.314905345521e-11	8.581698897515e+08
174.00000000	6.338560767591e-11	8.613845651645e+08
175.00000000	6.362063570473e-11	8.645785002521e+08
176.00000000	6.385414649782e-11	8.677518167248e+08
177.00000000	6.408614886437e-11	8.709046342957e+08
178.00000000	6.431665147676e-11	8.740370708191e+08
179.00000000	6.454566288017e-11	8.771492424205e+08
180.00000000	6.477319150158e-11	8.802412636191e+08
181.00000000	6.499924565829e-11	8.833132474434e+08
182.00000000	6.522383356593e-11	8.863653055408e+08
183.00000000	6.544696334602e-11	8.893975482793e+08
184.00000000	6.566864303302e-11	8.924100848439e+08
185.00000000	6.588888058099e-11	8.954030233270e+08
186.00000000	6.610768386982e-11	8.983764708132e+08
187.00000000	6.632506071104e-11	9.013305334580e+08
188.00000000	6.654101885330e-11	9.042653165623e+08
189.00000000	6.675556598742e-11	9.071809246413e+08
190.00000000	6.696870975117e-11	9.100774614891e+08
191.00000000	6.718045773363e-11	9.129550302384e+08
192.00000000	6.739081747938e-11	9.158137334166e+08
193.00000000	6.759979649221e-11	9.186536729974e+08
194.00000000	6.780740223869e-11	9.214749504485e+08
195.00000000	6.801364215144e-11	9.242776667760e+08
196.00000000	6.821852363209e-11	9.270619225652e+08
197.00000000	6.842205405407e-11	9.298278180179e+08
198.00000000	6.862424076514e-11	9.325754529871e+08
199.00000000	6.882509108969e-11	9.353049270084e+08
200.00000000	6.902461233087e-11	9.380163393285e+08
201.00000000	6.922281177250e-11	9.407097889318e+08
202.00000000	6.941969668081e-11	9.433853745632e+08
203.00000000	6.961527430602e-11	9.460431947502e+08
204.00000000	6.980955188372e-11	9.486833478216e+08
205.00000000	7.000253663614e-11	9.513059319245e+08
206.00000000	7.019423577324e-11	9.539110450394e+08
207.00000000	7.038465649371e-11	9.564987849935e+08
208.00000000	7.057380598579e-11	9.590692494721e+08
209.00000000	7.076169142803e-11	9.616225360288e+08
210.00000000	7.094831998986e-11	9.641587420932e+08
211.00000000	7.113369883217e-11	9.666779649787e+08
212.00000000	7.131783510765e-11	9.691803018877e+08
213.00000000	7.150073596118e-11	9.716658499161e+08
214.00000000	7.168240853004e-11	9.741347060566e+08
215.00000000	7.186285994407e-11	9.765869672009e+08
216.00000000	7.204209732578e-11	9.790227301408e+08
217.00000000	7.222012779034e-11	9.814420915688e+08
218.00000000	7.239695844558e-11	9.838451480773e+08
219.00000000	7.257259639186e-11	9.862319961574e+08
220.00000000	7.274704872194e-11	9.886027321966e+08
221.00000000	7.292032252075e-11	9.909574524764e+08
222.00000000	7.309242486517e-11	9.932962531687e+08
223.00000000	7.326336282375e-11	9.956192303322e+08
224.00000000	7.343314345636e-11	9.979264799075e+08
225.00000000	7.360177381384e-11	1.000218097713e+09
226.00000000	7.376926093762e-11	1.002494179438e+09
227.00000000	7.393561185930e-11	1.004754820640e+09
228.00000000	7.410083360022e-11	1.007000116736e+09
229.00000000	7.426493317098e-11	1.009230162997e+09
230.00000000	7.442791757094e-11	1.011445054542e+09
231.00000000	7.458979378779e-11	1.013644886330e+09
232.00000000	7.475056879695e-11	1.015829753154e+09
233.00000000	7.491024956112e-11	1.017999749635e+09
234.00000000	7.506884302968e-11	1.020154970213e+09
235.00000000	7.522635613820e-11	1.022295509137e+09
236.00000000	7.538279580785e-11	1.024421460465e+09
237.00000000	7.553816894485e-11	1.026532918049e+09
238.00000000	7.569248243991e-11	1.028629975532e+09
239.00000000	7.584574316770e-11	1.030712726336e+09
240.00000000	7.599795798624e-11	1.032781263660e+09
241.00000000	7.614913373633e-11	1.034835680467e+09
242.00000000	7.629927724106e-11	1.036876069481e+09
243.00000000	7.644839530517e-11	1.038902523175e+09
244.00000000	7.659649471454e-11	1.040915133766e+09
245.00000000	7.674358223562e-11	1.042913993208e+09
246.00000000	7.688966461489e-11	1.044899193183e+09
247.00000000	7.703474857834e-11	1.046870825093e+09
248.00000000	7.717884083091e-11	1.048828980057e+09
249.00000000	7.732194805595e-11	1.050773748899e+09
250.00000000	7.746407691477e-11	1.052705222142e+09
251.00000000	7.760523404606e-11	1.054623490005e+09
252.00000000	7.774542606544e-11	1.056528642390e+09
253.00000000	7.788465956493e-11	1.058420768881e+09
254.00000000	7.802294111252e-11	1.060299958733e+09
255.00000000	7.816027725164e-11	1.062166300870e+09
256.00000000	7.829667450077e-11	1.064019883875e+09
257.00000000	7.843213935295e-11	1.065860795985e+09
258.00000000	7.856667827534e-11	1.067689125087e+09
259.00000000	7.870029770881e-11	1.069504958710e+09
260.00000000	7.883300406755e-11	1.071308384019e+09
261.00000000	7.896480373863e-11	1.073099487812e+09
262.00000000	7.909570308161e-11	1.074878356514e+09
263.00000000	7.922570842821e-11	1.076645076170e+09
264.00000000	7.935482608189e-11	1.078399732440e+09
265.00000000	7.948306231754e-11	1.080142410599e+09
266.00000000	7.961042338111e-11	1.081873195526e+09
267.00000000	7.973691548928e-11	1.083592171704e+09
268.00000000	7.986254482919e-11	1.085299423212e+09
269.00000000	7.998731755806e-11	1.086995033726e+09
270.00000000	8.011123980297e-11	1.088679086510e+09
271.00000000	8.023431766053e-11	1.090351664413e+09
272.00000000	8.035655719664e-11	1.092012849870e+09
273.00000000	8.047796444620e-11	1.093662724893e+09
274.00000000	8.059854541291e-11	1.095301371068e+09
275.00000000	8.071830606900e-11	1.096928869556e+09
276.00000000	8.083725235504e-11	1.098545301087e+09
277.00000000	8.095539017967e-11	1.100150745958e+09
278.00000000	8.107272541948e-11	1.101745284028e+09
279.00000000	8.118926391877e-11	1.103328994719e+09
280.00000000	8.130501148936e-11	1.104901957011e+09
281.00000000	8.141997391048e-11	1.106464249442e+09
282.00000000	8.153415692856e-11	1.108015950104e+09
283.00000000	8.164756625711e-11	1.109557136641e+09
284.00000000	8.176020757657e-11	1.111087886247e+09
285.00000000	8.187208653420e-11	1.112608275667e+09
286.00000000	8.198320874396e-11	1.114118381191e+09
287.00000000	8.209357978638e-11	1.115618278658e+09
288.00000000	8.220320520851e-11	1.117108043449e+09
289.00000000	8.231209052378e-11	1.118587750490e+09
290.00000000	8.242024121197e-11	1.120057474248e+09
291.00000000	8.252766271909e-11	1.121517288732e+09
292.00000000	8.263436045738e-11	1.122967267493e+09
293.00000000	8.274033980518e-11	1.124407483621e+09
294.00000000	8.284560610698e-11	1.125838009744e+09
295.00000000	8.295016467329e-11	1.127258918030e+09
296.00000000	8.305402078070e-11	1.128670280186e+09
297.00000000	8.315717967178e-11	1.130072167457e+09
298.00000000	8.325964655512e-11	1.131464650624e+09
299.00000000	8.336142660532e-11	1.132847800009e+09
300.00000000	8.346252496297e-11	1.134221685471e+09
301.00000000	8.356294673467e-11	1.135586376405e+09
302.00000000	8.366269699305e-11	1.136941941747e+09
303.00000000	8.376178077681e-11	1.138288449970e+09
304.00000000	8.386020309069e-11	1.139625969088e+09
305.00000000	8.395796890558e-11	1.140954566652e+09
306.00000000	8.405508315853e-11	1.142274309755e+09
307.00000000	8.415155075276e-11	1.143585265029e+09
308.00000000	8.424737655778e-11	1.144887498650e+09
309.00000000	8.434256540941e-11	1.146181076334e+09
310.00000000	8.443712210986e-11	1.147466063341e+09
311.00000000	8.453105142776e-11	1.148742524475e+09
312.00000000	8.462435809832e-11	1.150010524085e+09
313.00000000	8.471704682331e-11	1.151270126068e+09
314.00000000	8.480912227121e-11	1.152521393864e+09
315.00000000	8.490058907729e-11	1.153764390467e+09
316.00000000	8.499145184369e-11	1.154999178416e+09
317.00000000	8.508171513951e-11	1.156225819805e+09
318.00000000	8.517138350093e-11	1.157444376277e+09
319.00000000	8.526046143134e-11	1.158654909033e+09
320.00000000	8.534895340138e-11	1.159857478827e+09
321.00000000	8.543686384912e-11	1.161052145969e+09
322.00000000	8.552419718015e-11	1.162238970331e+09
323.00000000	8.561095776771e-11	1.163418011343e+09
324.00000000	8.569714995279e-11	1.164589327996e+09
325.00000000	8.578277804430e-11	1.165752978848e+09
326.00000000	8.586784631916e-11	1.166909022020e+09
327.00000000	8.595235902247e-11	1.168057515201e+09
328.00000000	8.603632036761e-11	1.169198515649e+09
329.00000000	8.611973453640e-11	1.170332080194e+09
330.00000000	8.620260567925e-11	1.171458265238e+09
331.00000000	8.628493791529e-11	1.172577126758e+09
332.00000000	8.636673533250e-11	1.173688720308e+09
333.00000000	8.644800198791e-11	1.174793101021e+09
334.00000000	8.652874190771e-11	1.175890323612e+09
335.00000000	8.660895908740e-11	1.176980442379e+09
336.00000000	8.668865749197e-11	1.178063511203e+09
337.00000000	8.676784105606e-11	1.179139583555e+09
338.00000000	8.684651368407e-11	1.180208712494e+09
339.00000000	8.692467925040e-11	1.181270950671e+09
340.00000000	8.700234159953e-11	1.182326350332e+09
341.00000000	8.707950454625e-11	1.183374963317e+09
342.00000000	8.715617187578e-11	1.184416841067e+09
343.00000000	8.723234734395e-11	1.185452034622e+09
344.00000000	8.730803467739e-11	1.186480594624e+09
345.00000000	8.738323757366e-11	1.187502571324e+09
346.00000000	8.745795970146e-11	1.188518014575e+09
347.00000000	8.753220470077e-11	1.189526973845e+09
348.00000000	8.760597618303e-11	1.190529498211e+09
349.00000000	8.767927773132e-11	1.191525636367e+09
350.00000000	8.775211290053e-11	1.192515436620e+09
351.00000000	8.782448521753e-11	1.193498946901e+09
352.00000000	8.789639818136e-11	1.194476214760e+09
353.00000000	8.796785526339e-11	1.195447287371e+09
354.00000000	8.803885990748e-11	1.196412211534e+09
355.00000000	8.810941553020e-11	1.197371033681e+09
356.00000000	8.817952552099e-11	1.198323799871e+09
357.00000000	8.824919324231e-11	1.199270555799e+09
358.00000000	8.831842202986e-11	1.200211346796e+09
359.00000000	8.838721519271e-11	1.201146217832e+09
360.00000000	8.845557601354e-11	1.202075213515e+09
361.00000000	8.852350774877e-11	1.202998378100e+09
362.00000000	8.859101362874e-11	1.203915755486e+09
363.00000000	8.865809685791e-11	1.204827389219e+09
364.00000000	8.872476061504e-11	1.205733322499e+09
365.00000000	8.879100805334e-11	1.206633598176e+09
366.00000000	8.885684230069e-11	1.207528258756e+09
367.00000000	8.892226645977e-11	1.208417346403e+09
368.00000000	8.898728360829e-11	1.209300902943e+09
369.00000000	8.905189679910e-11	1.210178969863e+09
370.00000000	8.911610906046e-11	1.211051588315e+09
371.00000000	8.917992339613e-11	1.211918799118e+09
372.00000000	8.924334278560e-11	1.212780642764e+09
373.00000000	8.930637018425e-11	1.213637159415e+09
374.00000000	8.936900852351e-11	1.214488388907e+09
375.00000000	8.943126071108e-11	1.215334370755e+09
376.00000000	8.949312963106e-11	1.216175144153e+09
377.00000000	8.955461814416e-11	1.217010747976e+09
378.00000000	8.961572908784e-11	1.217841220785e+09
379.00000000	8.967646527652e-11	1.218666600826e+09
380.00000000	8.973682950172e-11	1.219486926035e+09
381.00000000	8.979682453228e-11	1.220302234040e+09
382.00000000	8.985645311446e-11	1.221112562160e+09
383.00000000	8.991571797220e-11	1.221917947414e+09
384.00000000	8.997462180721e-11	1.222718426516e+09
385.00000000	9.003316729920e-11	1.223514035882e+09
386.00000000	9.009135710602e-11	1.224304811632e+09
387.00000000	9.014919386383e-11	1.225090789590e+09
388.00000000	9.020668018728e-11	1.225872005288e+09
389.00000000	9.026381866968e-11	1.226648493967e+09
390.00000000	9.032061188315e-11	1.227420290583e+09
391.00000000	9.037706237879e-11	1.228187429803e+09
392.00000000	9.043317268688e-11	1.228949946013e+09
393.00000000	9.048894531699e-11	1.229707873317e+09
394.00000000	9.054438275818e-11	1.230461245540e+09
395.00000000	9.059948747915e-11	1.231210096232e+09
396.00000000	9.065426192843e-11	1.231954458665e+09
397.00000000	9.070870853448e-11	1.232694365843e+09
398.00000000	9.076282970592e-11	1.233429850497e+09
399.00000000	9.081662783165e-11	1.234160945091e+09
400.00000000	9.087010528101e-11	1.234887681824e+09
