# meta_json: {"summary": {"has_transmission_per_m2": true, "n_temperature_points": 401, "temperature_max_k": 400.0, "temperature_min_k": 0.0, "transmission_metadata": {"atom_symbols": ["N", "Ta"], "lattice_vectors_override_angstrom": null, "lattice_vectors_raw": [[1.4699710891, -2.5460646119, 0.0], [1.4699710891, 2.5460646119, 0.0], [0.0, 0.0, 2.89017508]], "source_format": "phonopy_force_constants", "thickness_angstrom": null, "thickness_direction": null, "transport_direction": 1, "transverse_area_m2": 7.358572493553535e-20}, "transmission_path": "/home/zhouhb/Desktop/workspace/TaN/phonon_hybrid/pristine/x/transmission.tsv"}}
# temperature_K	conductance_W_per_K	conductance_per_area_W_per_m2K
0.00000000	0.000000000000e+00	0.000000000000e+00
1.00000000	1.728658567858e-15	2.349176514021e+04
2.00000000	1.188876329607e-14	1.615634459874e+05
3.00000000	2.298046382488e-14	3.122951339409e+05
4.00000000	3.419690136077e-14	4.647219469636e+05
5.00000000	4.605143736831e-14	6.258202580549e+05
6.00000000	5.952415558835e-14	8.089090056596e+05
7.00000000	7.575576150838e-14	1.029489912272e+06
8.00000000	9.582062345742e-14	1.302163205450e+06
9.00000000	1.206856972266e-13	1.640069420153e+06
10.00000000	1.512522790910e-13	2.055456805290e+06
11.00000000	1.884015101164e-13	2.560299708694e+06
12.00000000	2.330217966956e-13	3.166671211022e+06
13.00000000	2.860220294596e-13	3.886922765389e+06
14.00000000	3.483382415137e-13	4.733774680060e+06
15.00000000	4.209379794700e-13	5.720375519013e+06
16.00000000	5.048230913611e-13	6.860339988542e+06
17.00000000	6.010297133683e-13	8.167748756908e+06
18.00000000	7.106238648638e-13	9.657088592745e+06
19.00000000	8.346916413525e-13	1.134311909115e+07
20.00000000	9.743239452816e-13	1.324066517161e+07
21.00000000	1.130596602324e-12	1.536434686639e+07
22.00000000	1.304547351751e-12	1.772826662908e+07
23.00000000	1.497151504133e-12	2.034567853268e+07
24.00000000	1.709298058795e-12	2.322866371558e+07
25.00000000	1.941767848071e-12	2.638783337084e+07
26.00000000	2.195214918318e-12	2.983207572177e+07
27.00000000	2.470151951128e-12	3.356835790219e+07
28.00000000	2.766940133617e-12	3.760158829775e+07
29.00000000	3.085783543064e-12	4.193454023545e+07
30.00000000	3.426727838183e-12	4.656783419861e+07
31.00000000	3.789662852047e-12	5.149997306362e+07
32.00000000	4.174328555579e-12	5.672742314132e+07
33.00000000	4.580323795683e-12	6.224473292471e+07
34.00000000	5.007117196271e-12	6.804468122938e+07
35.00000000	5.454059631158e-12	7.411844669514e+07
36.00000000	5.920397723714e-12	8.045579124077e+07
37.00000000	6.405287889618e-12	8.704525089926e+07
38.00000000	6.907810508301e-12	9.387432840204e+07
39.00000000	7.426983879888e-12	1.009296828480e+08
40.00000000	7.961777693429e-12	1.081973127316e+08
41.00000000	8.511125796213e-12	1.156627294719e+08
42.00000000	9.073938111295e-12	1.233111193678e+08
43.00000000	9.649111600279e-12	1.311274925773e+08
44.00000000	1.023554021069e-11	1.390968182981e+08
45.00000000	1.083212378218e-11	1.472041457997e+08
46.00000000	1.143777591395e-11	1.554347113379e+08
47.00000000	1.205143081761e-11	1.637740312834e+08
48.00000000	1.267204919654e-11	1.722079820188e+08
49.00000000	1.329862320451e-11	1.807228673246e+08
50.00000000	1.393018054462e-11	1.893054740824e+08
51.00000000	1.456578777461e-11	1.979431171925e+08
52.00000000	1.520455288698e-11	2.066236746366e+08
53.00000000	1.584562723266e-11	2.153356136200e+08
54.00000000	1.648820685607e-11	2.240680087138e+08
55.00000000	1.713153330688e-11	2.328105528877e+08
56.00000000	1.777489399097e-11	2.415535622777e+08
57.00000000	1.841762211898e-11	2.502879754887e+08
58.00000000	1.905909630742e-11	2.590053481720e+08
59.00000000	1.969873988246e-11	2.676978435657e+08
60.00000000	2.033601993288e-11	2.763582196233e+08
61.00000000	2.097044615401e-11	2.849798133045e+08
62.00000000	2.160156952071e-11	2.935565225407e+08
63.00000000	2.222898082342e-11	3.020827863405e+08
64.00000000	2.285230909758e-11	3.105535634473e+08
65.00000000	2.347121997360e-11	3.189643099143e+08
66.00000000	2.408541397075e-11	3.273109559204e+08
67.00000000	2.469462475606e-11	3.355898821096e+08
68.00000000	2.529861738622e-11	3.437978956976e+08
69.00000000	2.589718654794e-11	3.519322065608e+08
70.00000000	2.649015481042e-11	3.599904034869e+08
71.00000000	2.707737090099e-11	3.679704307420e+08
72.00000000	2.765870801368e-11	3.758705650846e+08
73.00000000	2.823406215851e-11	3.836893933333e+08
74.00000000	2.880335055802e-11	3.914257905763e+08
75.00000000	2.936651009620e-11	3.990788990926e+08
76.00000000	2.992349582386e-11	4.066481080410e+08
77.00000000	3.047427952350e-11	4.141330339572e+08
78.00000000	3.101884833586e-11	4.215335020893e+08
79.00000000	3.155720344956e-11	4.288495285900e+08
80.00000000	3.208935885455e-11	4.360813035770e+08
81.00000000	3.261534015957e-11	4.432291750627e+08
82.00000000	3.313518347338e-11	4.502936337504e+08
83.00000000	3.364893434891e-11	4.572752986858e+08
84.00000000	3.415664678939e-11	4.641749037508e+08
85.00000000	3.465838231502e-11	4.709932849800e+08
86.00000000	3.515420908870e-11	4.777313686791e+08
87.00000000	3.564420109886e-11	4.843901603210e+08
88.00000000	3.612843739766e-11	4.909707341921e+08
89.00000000	3.660700139237e-11	4.974742237633e+08
90.00000000	3.707998018785e-11	5.039018127543e+08
91.00000000	3.754746397799e-11	5.102547268628e+08
92.00000000	3.800954548374e-11	5.165342261293e+08
93.00000000	3.846631943573e-11	5.227415979041e+08
94.00000000	3.891788209902e-11	5.288781503901e+08
95.00000000	3.936433083788e-11	5.349452067281e+08
96.00000000	3.980576371845e-11	5.409440995971e+08
97.00000000	4.024227914710e-11	5.468761662993e+08
98.00000000	4.067397554236e-11	5.527427443025e+08
99.00000000	4.110095103846e-11	5.585451672110e+08
100.00000000	4.152330321856e-11	5.642847611399e+08
101.00000000	4.194112887559e-11	5.699628414660e+08
102.00000000	4.235452379911e-11	5.755807099300e+08
103.00000000	4.276358258620e-11	5.811396520679e+08
104.00000000	4.316839847495e-11	5.866409349472e+08
105.00000000	4.356906319869e-11	5.920858051865e+08
106.00000000	4.396566685967e-11	5.974754872387e+08
107.00000000	4.435829782054e-11	6.028111819160e+08
108.00000000	4.474704261236e-11	6.080940651404e+08
109.00000000	4.513198585788e-11	6.133252869006e+08
110.00000000	4.551321020869e-11	6.185059703979e+08
111.00000000	4.589079629525e-11	6.236372113675e+08
112.00000000	4.626482268859e-11	6.287200775574e+08
113.00000000	4.663536587270e-11	6.337556083541e+08
114.00000000	4.700250022665e-11	6.387448145387e+08
115.00000000	4.736629801549e-11	6.436886781640e+08
116.00000000	4.772682938915e-11	6.485881525386e+08
117.00000000	4.808416238844e-11	6.534441623095e+08
118.00000000	4.843836295754e-11	6.582576036313e+08
119.00000000	4.878949496223e-11	6.630293444139e+08
120.00000000	4.913762021320e-11	6.677602246392e+08
121.00000000	4.948279849384e-11	6.724510567394e+08
122.00000000	4.982508759210e-11	6.771026260290e+08
123.00000000	5.016454333570e-11	6.817156911839e+08
124.00000000	5.050121963038e-11	6.862909847612e+08
125.00000000	5.083516850069e-11	6.908292137533e+08
126.00000000	5.116644013296e-11	6.953310601720e+08
127.00000000	5.149508292005e-11	6.997971816566e+08
128.00000000	5.182114350756e-11	7.042282121017e+08
129.00000000	5.214466684125e-11	7.086247623018e+08
130.00000000	5.246569621523e-11	7.129874206063e+08
131.00000000	5.278427332094e-11	7.173167535847e+08
132.00000000	5.310043829635e-11	7.216133066960e+08
133.00000000	5.341422977556e-11	7.258776049614e+08
134.00000000	5.372568493818e-11	7.301101536371e+08
135.00000000	5.403483955878e-11	7.343114388846e+08
136.00000000	5.434172805586e-11	7.384819284373e+08
137.00000000	5.464638354043e-11	7.426220722606e+08
138.00000000	5.494883786409e-11	7.467323032046e+08
139.00000000	5.524912166638e-11	7.508130376479e+08
140.00000000	5.554726442136e-11	7.548646761314e+08
141.00000000	5.584329448343e-11	7.588876039796e+08
142.00000000	5.613723913219e-11	7.628821919111e+08
143.00000000	5.642912461635e-11	7.668487966352e+08
144.00000000	5.671897619661e-11	7.707877614346e+08
145.00000000	5.700681818756e-11	7.746994167346e+08
146.00000000	5.729267399840e-11	7.785840806568e+08
147.00000000	5.757656617263e-11	7.824420595580e+08
148.00000000	5.785851642655e-11	7.862736485538e+08
149.00000000	5.813854568663e-11	7.900791320267e+08
150.00000000	5.841667412577e-11	7.938587841181e+08
151.00000000	5.869292119837e-11	7.976128692051e+08
152.00000000	5.896730567420e-11	8.013416423614e+08
153.00000000	5.923984567120e-11	8.050453498024e+08
154.00000000	5.951055868707e-11	8.087242293149e+08
155.00000000	5.977946162978e-11	8.123785106710e+08
156.00000000	6.004657084691e-11	8.160084160279e+08
157.00000000	6.031190215390e-11	8.196141603108e+08
158.00000000	6.057547086122e-11	8.231959515828e+08
159.00000000	6.083729180047e-11	8.267539913993e+08
160.00000000	6.109737934941e-11	8.302884751483e+08
161.00000000	6.135574745602e-11	8.337995923770e+08
162.00000000	6.161240966148e-11	8.372875271046e+08
163.00000000	6.186737912222e-11	8.407524581216e+08
164.00000000	6.212066863101e-11	8.441945592767e+08
165.00000000	6.237229063715e-11	8.476139997505e+08
166.00000000	6.262225726566e-11	8.510109443172e+08
167.00000000	6.287058033572e-11	8.543855535947e+08
168.00000000	6.311727137818e-11	8.577379842825e+08
169.00000000	6.336234165225e-11	8.610683893888e+08
170.00000000	6.360580216148e-11	8.643769184471e+08
171.00000000	6.384766366880e-11	8.676637177214e+08
172.00000000	6.408793671100e-11	8.709289304025e+08
173.00000000	6.432663161239e-11	8.741726967933e+08
174.00000000	6.456375849778e-11	8.773951544859e+08
175.00000000	6.479932730479e-11	8.805964385287e+08
176.00000000	6.503334779556e-11	8.837766815850e+08
177.00000000	6.526582956779e-11	8.869360140838e+08
178.00000000	6.549678206523e-11	8.900745643616e+08
179.00000000	6.572621458754e-11	8.931924587971e+08
180.00000000	6.595413629969e-11	8.962898219385e+08
181.00000000	6.618055624074e-11	8.993667766230e+08
182.00000000	6.640548333221e-11	9.024234440903e+08
183.00000000	6.662892638588e-11	9.054599440890e+08
184.00000000	6.685089411120e-11	9.084763949769e+08
185.00000000	6.707139512223e-11	9.114729138157e+08
186.00000000	6.729043794414e-11	9.144496164588e+08
187.00000000	6.750803101935e-11	9.174066176353e+08
188.00000000	6.772418271324e-11	9.203440310273e+08
189.00000000	6.793890131955e-11	9.232619693434e+08
190.00000000	6.815219506536e-11	9.261605443863e+08
191.00000000	6.836407211580e-11	9.290398671168e+08
192.00000000	6.857454057844e-11	9.319000477132e+08
193.00000000	6.878360850729e-11	9.347411956266e+08
194.00000000	6.899128390667e-11	9.375634196321e+08
195.00000000	6.919757473463e-11	9.403668278766e+08
196.00000000	6.940248890629e-11	9.431515279232e+08
197.00000000	6.960603429678e-11	9.459176267918e+08
198.00000000	6.980821874404e-11	9.486652309968e+08
199.00000000	7.000905005139e-11	9.513944465821e+08
200.00000000	7.020853598985e-11	9.541053791527e+08
201.00000000	7.040668430030e-11	9.567981339041e+08
202.00000000	7.060350269548e-11	9.594728156490e+08
203.00000000	7.079899886169e-11	9.621295288415e+08
204.00000000	7.099318046051e-11	9.647683775991e+08
205.00000000	7.118605513021e-11	9.673894657228e+08
206.00000000	7.137763048710e-11	9.699928967150e+08
207.00000000	7.156791412666e-11	9.725787737955e+08
208.00000000	7.175691362466e-11	9.751471999157e+08
209.00000000	7.194463653803e-11	9.776982777713e+08
210.00000000	7.213109040570e-11	9.802321098132e+08
211.00000000	7.231628274931e-11	9.827487982576e+08
212.00000000	7.250022107380e-11	9.852484450933e+08
213.00000000	7.268291286793e-11	9.877311520896e+08
214.00000000	7.286436560468e-11	9.901970208014e+08
215.00000000	7.304458674164e-11	9.926461525741e+08
216.00000000	7.322358372121e-11	9.950786485471e+08
217.00000000	7.340136397086e-11	9.974946096564e+08
218.00000000	7.357793490320e-11	9.998941366366e+08
219.00000000	7.375330391606e-11	1.002277330021e+09
220.00000000	7.392747839255e-11	1.004644290143e+09
221.00000000	7.410046570094e-11	1.006995117135e+09
222.00000000	7.427227319461e-11	1.009329910926e+09
223.00000000	7.444290821191e-11	1.011648771241e+09
224.00000000	7.461237807601e-11	1.013951797599e+09
225.00000000	7.478069009464e-11	1.016239089309e+09
226.00000000	7.494785155986e-11	1.018510745467e+09
227.00000000	7.511386974780e-11	1.020766864954e+09
228.00000000	7.527875191837e-11	1.023007546427e+09
229.00000000	7.544250531486e-11	1.025232888321e+09
230.00000000	7.560513716368e-11	1.027442988839e+09
231.00000000	7.576665467393e-11	1.029637945951e+09
232.00000000	7.592706503703e-11	1.031817857384e+09
233.00000000	7.608637542632e-11	1.033982820621e+09
234.00000000	7.624459299664e-11	1.036132932895e+09
235.00000000	7.640172488389e-11	1.038268291178e+09
236.00000000	7.655777820464e-11	1.040388992182e+09
237.00000000	7.671276005563e-11	1.042495132348e+09
238.00000000	7.686667751335e-11	1.044586807845e+09
239.00000000	7.701953763358e-11	1.046664114555e+09
240.00000000	7.717134745092e-11	1.048727148078e+09
241.00000000	7.732211397837e-11	1.050776003717e+09
242.00000000	7.747184420682e-11	1.052810776474e+09
243.00000000	7.762054510462e-11	1.054831561048e+09
244.00000000	7.776822361711e-11	1.056838451822e+09
245.00000000	7.791488666617e-11	1.058831542863e+09
246.00000000	7.806054114978e-11	1.060810927910e+09
247.00000000	7.820519394154e-11	1.062776700373e+09
248.00000000	7.834885189026e-11	1.064728953325e+09
249.00000000	7.849152181948e-11	1.066667779494e+09
250.00000000	7.863321052710e-11	1.068593271263e+09
251.00000000	7.877392478491e-11	1.070505520655e+09
252.00000000	7.891367133816e-11	1.072404619337e+09
253.00000000	7.905245690521e-11	1.074290658609e+09
254.00000000	7.919028817707e-11	1.076163729398e+09
255.00000000	7.932717181705e-11	1.078023922256e+09
256.00000000	7.946311446033e-11	1.079871327352e+09
257.00000000	7.959812271363e-11	1.081706034470e+09
258.00000000	7.973220315483e-11	1.083528133000e+09
259.00000000	7.986536233262e-11	1.085337711935e+09
260.00000000	7.999760676613e-11	1.087134859869e+09
261.00000000	8.012894294464e-11	1.088919664987e+09
262.00000000	8.025937732721e-11	1.090692215066e+09
263.00000000	8.038891634239e-11	1.092452597468e+09
264.00000000	8.051756638794e-11	1.094200899135e+09
265.00000000	8.064533383048e-11	1.095937206586e+09
266.00000000	8.077222500527e-11	1.097661605916e+09
267.00000000	8.089824621588e-11	1.099374182788e+09
268.00000000	8.102340373400e-11	1.101075022431e+09
269.00000000	8.114770379912e-11	1.102764209637e+09
270.00000000	8.127115261834e-11	1.104441828759e+09
271.00000000	8.139375636612e-11	1.106107963704e+09
272.00000000	8.151552118407e-11	1.107762697935e+09
273.00000000	8.163645318075e-11	1.109406114464e+09
274.00000000	8.175655843146e-11	1.111038295853e+09
275.00000000	8.187584297807e-11	1.112659324207e+09
276.00000000	8.199431282882e-11	1.114269281177e+09
277.00000000	8.211197395820e-11	1.115868247953e+09
278.00000000	8.222883230674e-11	1.117456305265e+09
279.00000000	8.234489378091e-11	1.119033533379e+09
280.00000000	8.246016425296e-11	1.120600012097e+09
281.00000000	8.257464956081e-11	1.122155820754e+09
282.00000000	8.268835550793e-11	1.123701038216e+09
283.00000000	8.280128786323e-11	1.125235742880e+09
284.00000000	8.291345236095e-11	1.126760012673e+09
285.00000000	8.302485470061e-11	1.128273925049e+09
286.00000000	8.313550054689e-11	1.129777556988e+09
287.00000000	8.324539552961e-11	1.131270984998e+09
288.00000000	8.335454524360e-11	1.132754285109e+09
289.00000000	8.346295524872e-11	1.134227532879e+09
290.00000000	8.357063106975e-11	1.135690803386e+09
291.00000000	8.367757819641e-11	1.137144171233e+09
292.00000000	8.378380208330e-11	1.138587710547e+09
293.00000000	8.388930814989e-11	1.140021494976e+09
294.00000000	8.399410178050e-11	1.141445597690e+09
295.00000000	8.409818832429e-11	1.142860091383e+09
296.00000000	8.420157309530e-11	1.144265048269e+09
297.00000000	8.430426137239e-11	1.145660540088e+09
298.00000000	8.440625839933e-11	1.147046638098e+09
299.00000000	8.450756938477e-11	1.148423413085e+09
300.00000000	8.460819950230e-11	1.149790935354e+09
301.00000000	8.470815389047e-11	1.151149274736e+09
302.00000000	8.480743765282e-11	1.152498500587e+09
303.00000000	8.490605585796e-11	1.153838681787e+09
304.00000000	8.500401353961e-11	1.155169886742e+09
305.00000000	8.510131569666e-11	1.156492183385e+09
306.00000000	8.519796729321e-11	1.157805639176e+09
307.00000000	8.529397325868e-11	1.159110321104e+09
308.00000000	8.538933848787e-11	1.160406295687e+09
309.00000000	8.548406784104e-11	1.161693628974e+09
310.00000000	8.557816614399e-11	1.162972386546e+09
311.00000000	8.567163818816e-11	1.164242633516e+09
312.00000000	8.576448873071e-11	1.165504434533e+09
313.00000000	8.585672249466e-11	1.166757853780e+09
314.00000000	8.594834416893e-11	1.168002954978e+09
315.00000000	8.603935840851e-11	1.169239801387e+09
316.00000000	8.612976983454e-11	1.170468455804e+09
317.00000000	8.621958303443e-11	1.171688980573e+09
318.00000000	8.630880256197e-11	1.172901437576e+09
319.00000000	8.639743293749e-11	1.174105888244e+09
320.00000000	8.648547864795e-11	1.175302393551e+09
321.00000000	8.657294414708e-11	1.176491014024e+09
322.00000000	8.665983385552e-11	1.177671809735e+09
323.00000000	8.674615216096e-11	1.178844840313e+09
324.00000000	8.683190341826e-11	1.180010164938e+09
325.00000000	8.691709194961e-11	1.181167842347e+09
326.00000000	8.700172204469e-11	1.182317930834e+09
327.00000000	8.708579796078e-11	1.183460488255e+09
328.00000000	8.716932392292e-11	1.184595572025e+09
329.00000000	8.725230412410e-11	1.185723239127e+09
330.00000000	8.733474272536e-11	1.186843546107e+09
331.00000000	8.741664385601e-11	1.187956549080e+09
332.00000000	8.749801161371e-11	1.189062303733e+09
333.00000000	8.757885006471e-11	1.190160865323e+09
334.00000000	8.765916324397e-11	1.191252288684e+09
335.00000000	8.773895515532e-11	1.192336628228e+09
336.00000000	8.781822977167e-11	1.193413937942e+09
337.00000000	8.789699103512e-11	1.194484271401e+09
338.00000000	8.797524285717e-11	1.195547681758e+09
339.00000000	8.805298911889e-11	1.196604221757e+09
340.00000000	8.813023367107e-11	1.197653943727e+09
341.00000000	8.820698033442e-11	1.198696899591e+09
342.00000000	8.828323289971e-11	1.199733140865e+09
343.00000000	8.835899512799e-11	1.200762718658e+09
344.00000000	8.843427075073e-11	1.201785683680e+09
345.00000000	8.850906347003e-11	1.202802086241e+09
346.00000000	8.858337695877e-11	1.203811976255e+09
347.00000000	8.865721486081e-11	1.204815403239e+09
348.00000000	8.873058079116e-11	1.205812416320e+09
349.00000000	8.880347833615e-11	1.206803064235e+09
350.00000000	8.887591105365e-11	1.207787395334e+09
351.00000000	8.894788247321e-11	1.208765457582e+09
352.00000000	8.901939609628e-11	1.209737298563e+09
353.00000000	8.909045539636e-11	1.210702965479e+09
354.00000000	8.916106381919e-11	1.211662505157e+09
355.00000000	8.923122478296e-11	1.212615964049e+09
356.00000000	8.930094167847e-11	1.213563388235e+09
357.00000000	8.937021786932e-11	1.214504823423e+09
358.00000000	8.943905669209e-11	1.215440314958e+09
359.00000000	8.950746145653e-11	1.216369907818e+09
360.00000000	8.957543544576e-11	1.217293646617e+09
361.00000000	8.964298191641e-11	1.218211575614e+09
362.00000000	8.971010409887e-11	1.219123738707e+09
363.00000000	8.977680519740e-11	1.220030179441e+09
364.00000000	8.984308839037e-11	1.220930941009e+09
365.00000000	8.990895683044e-11	1.221826066254e+09
366.00000000	8.997441364471e-11	1.222715597672e+09
367.00000000	9.003946193493e-11	1.223599577415e+09
368.00000000	9.010410477769e-11	1.224478047293e+09
369.00000000	9.016834522456e-11	1.225351048774e+09
370.00000000	9.023218630234e-11	1.226218622992e+09
371.00000000	9.029563101319e-11	1.227080810745e+09
372.00000000	9.035868233483e-11	1.227937652500e+09
373.00000000	9.042134322071e-11	1.228789188391e+09
374.00000000	9.048361660022e-11	1.229635458229e+09
375.00000000	9.054550537884e-11	1.230476501497e+09
376.00000000	9.060701243832e-11	1.231312357359e+09
377.00000000	9.066814063690e-11	1.232143064655e+09
378.00000000	9.072889280944e-11	1.232968661910e+09
379.00000000	9.078927176762e-11	1.233789187334e+09
380.00000000	9.084928030013e-11	1.234604678825e+09
381.00000000	9.090892117280e-11	1.235415173968e+09
382.00000000	9.096819712886e-11	1.236220710043e+09
383.00000000	9.102711088901e-11	1.237021324024e+09
384.00000000	9.108566515169e-11	1.237817052580e+09
385.00000000	9.114386259320e-11	1.238607932082e+09
386.00000000	9.120170586789e-11	1.239393998602e+09
387.00000000	9.125919760832e-11	1.240175287914e+09
388.00000000	9.131634042545e-11	1.240951835501e+09
389.00000000	9.137313690882e-11	1.241723676554e+09
390.00000000	9.142958962668e-11	1.242490845973e+09
391.00000000	9.148570112618e-11	1.243253378374e+09
392.00000000	9.154147393357e-11	1.244011308087e+09
393.00000000	9.159691055431e-11	1.244764669160e+09
394.00000000	9.165201347328e-11	1.245513495363e+09
395.00000000	9.170678515492e-11	1.246257820185e+09
396.00000000	9.176122804344e-11	1.246997676843e+09
397.00000000	9.181534456290e-11	1.247733098279e+09
398.00000000	9.186913711747e-11	1.248464117163e+09
399.00000000	9.192260809153e-11	1.249190765900e+09
400.00000000	9.197575984984e-11	1.249913076625e+09
