# meta_json: {"atom_symbols": ["N", "Ta"], "lattice_vectors_override_angstrom": null, "lattice_vectors_raw": [[1.4699710891, -2.5460646119, 0.0], [1.4699710891, 2.5460646119, 0.0], [0.0, 0.0, 2.89017508]], "source_format": "phonopy_force_constants", "thickness_angstrom": null, "thickness_direction": null, "transport_direction": 1, "transverse_area_m2": 7.358572493553535e-20}
# omega_qe	freq_thz	freq_cm^-1	transmission	transmission_per_m2
0.0000000000e+00	0.00000000	0.00000000	0.000000000000e+00	0.000000000000e+00
3.8713603560e-05	0.12736164	4.24832693	1.172151954832e-02	1.592906716430e+17
7.7427207119e-05	0.25472327	8.49665387	1.172187108497e-02	1.592954488828e+17
1.1614081068e-04	0.38208491	12.74498080	1.172195668251e-02	1.592966121184e+17
1.5485441424e-04	0.50944655	16.99330774	1.172206608476e-02	1.592980988504e+17
1.9356801780e-04	0.63680819	21.24163467	1.172188594659e-02	1.592956508462e+17
2.3228162136e-04	0.76416982	25.48996161	1.172172301979e-02	1.592934367373e+17
2.7099522492e-04	0.89153146	29.73828854	2.713610536165e-02	3.687686081155e+17
3.0970882848e-04	1.01889310	33.98661548	4.285839302046e-02	5.824280872141e+17
3.4842243204e-04	1.14625474	38.23494241	4.288596573098e-02	5.828027891083e+17
3.8713603560e-04	1.27361637	42.48326935	5.834024054186e-02	7.928200828757e+17
4.2584963916e-04	1.40097801	46.73159628	5.844742539141e-02	7.942766812804e+17
4.6456324271e-04	1.52833965	50.97992322	8.182886383778e-02	1.112020896845e+18
5.0327684627e-04	1.65570129	55.22825015	8.189224445207e-02	1.112882213552e+18
5.4199044983e-04	1.78306292	59.47657709	1.051535902018e-01	1.428994418332e+18
5.8070405339e-04	1.91042456	63.72490402	1.207717933094e-01	1.641239430817e+18
6.1941765695e-04	2.03778620	67.97323096	1.516335701369e-01	2.060638395147e+18
6.5813126051e-04	2.16514784	72.22155789	1.980494902076e-01	2.691411824523e+18
6.9684486407e-04	2.29250947	76.46988483	1.983940213494e-01	2.696093862270e+18
7.3555846763e-04	2.41987111	80.71821176	2.060104267314e-01	2.799597706103e+18
7.7427207119e-04	2.54723275	84.96653870	2.288461478708e-01	3.109925845961e+18
8.1298567475e-04	2.67459439	89.21486563	2.585937591981e-01	3.514183755404e+18
8.5169927831e-04	2.80195602	93.46319257	3.034261074991e-01	4.123437090073e+18
8.9041288187e-04	2.92931766	97.71151950	3.284556298922e-01	4.463578094527e+18
9.2912648543e-04	3.05667930	101.95984644	3.854910282347e-01	5.238665903916e+18
9.6784008899e-04	3.18404094	106.20817337	3.816876793904e-01	5.186979943797e+18
1.0065536925e-03	3.31140257	110.45650031	4.260827542587e-01	5.790290910798e+18
1.0452672961e-03	3.43876421	114.70482724	4.738535708065e-01	6.439476830888e+18
1.0839808997e-03	3.56612585	118.95315418	5.223719361367e-01	7.098821634146e+18
1.1226945032e-03	3.69348749	123.20148111	5.786596312863e-01	7.863748461991e+18
1.1614081068e-03	3.82084912	127.44980805	5.435360658597e-01	7.386433528186e+18
1.2001217103e-03	3.94821076	131.69813498	6.877519510700e-01	9.346268609469e+18
1.2388353139e-03	4.07557240	135.94646192	6.989787014379e-01	9.498835569674e+18
1.2775489175e-03	4.20293403	140.19478885	8.375653798611e-01	1.138217202582e+19
1.3162625210e-03	4.33029567	144.44311579	8.713266292650e-01	1.184097364031e+19
1.3549761246e-03	4.45765731	148.69144272	9.462967617804e-01	1.285978717488e+19
1.3936897281e-03	4.58501895	152.93976966	1.067916976982e+00	1.451255631330e+19
1.4324033317e-03	4.71238058	157.18809659	1.151321695242e+00	1.564599242925e+19
1.4711169353e-03	4.83974222	161.43642353	1.255699562067e+00	1.706444508316e+19
1.5098305388e-03	4.96710386	165.68475046	1.385835227706e+00	1.883293572116e+19
1.5485441424e-03	5.09446550	169.93307740	1.417346182700e+00	1.926115675209e+19
1.5872577459e-03	5.22182713	174.18140433	1.583901383360e+00	2.152457402230e+19
1.6259713495e-03	5.34918877	178.42973127	1.719253330630e+00	2.336395180092e+19
1.6646849531e-03	5.47655041	182.67805820	1.708845192178e+00	2.322250944289e+19
1.7033985566e-03	5.60391205	186.92638514	1.637656183208e+00	2.225507983570e+19
1.7421121602e-03	5.73127368	191.17471207	1.522194661783e+00	2.068600483473e+19
1.7808257637e-03	5.85863532	195.42303901	1.449788418649e+00	1.970203351151e+19
1.8195393673e-03	5.98599696	199.67136594	1.474715505821e+00	2.004078246308e+19
1.8582529709e-03	6.11335860	203.91969288	1.222394947642e+00	1.661184895186e+19
1.8969665744e-03	6.24072023	208.16801981	1.034974856647e+00	1.406488632889e+19
1.9356801780e-03	6.36808187	212.41634675	1.079379963277e+00	1.466833362344e+19
1.9743937815e-03	6.49544351	216.66467368	8.137141864625e-01	1.105804403198e+19
2.0131073851e-03	6.62280515	220.91300062	7.093937690186e-01	9.640372091734e+18
2.0518209887e-03	6.75016678	225.16132755	7.716694901959e-01	1.048667375190e+19
2.0905345922e-03	6.87752842	229.40965449	7.415460251345e-01	1.007730814345e+19
2.1292481958e-03	7.00489006	233.65798142	7.254352410815e-01	9.858369156749e+18
2.1679617993e-03	7.13225170	237.90630836	9.200381776741e-01	1.250294372285e+19
2.2066754029e-03	7.25961333	242.15463529	9.004964437518e-01	1.223737952627e+19
2.2453890065e-03	7.38697497	246.40296223	7.858134129337e-01	1.067888389524e+19
2.2841026100e-03	7.51433661	250.65128916	6.506573940236e-01	8.842168703150e+18
2.3228162136e-03	7.64169825	254.89961610	4.053599089122e-01	5.508675891517e+18
2.3615298171e-03	7.76905988	259.14794303	2.494453565317e-01	3.389860693092e+18
2.4002434207e-03	7.89642152	263.39626997	1.081762701183e-01	1.470071406011e+18
2.4389570243e-03	8.02378316	267.64459690	8.104005477213e-02	1.101301303250e+18
2.4776706278e-03	8.15114480	271.89292384	5.379284067080e-02	7.310227726630e+17
2.5163842314e-03	8.27850643	276.14125077	2.267521270555e-34	3.081468956841e-15
2.5550978349e-03	8.40586807	280.38957771	4.760565052244e-87	6.469413811461e-68
2.5938114385e-03	8.53322971	284.63790464	7.000037666867e-96	9.512765788473e-77
2.6325250421e-03	8.66059134	288.88623158	1.045073102381e-103	1.420211737122e-84
2.6712386456e-03	8.78795298	293.13455851	9.294816177540e-111	1.263127622332e-91
2.7099522492e-03	8.91531462	297.38288545	3.487138289448e-117	4.738878760117e-98
2.7486658527e-03	9.04267626	301.63121238	4.346418621277e-123	5.906605697076e-104
2.7873794563e-03	9.17003789	305.87953932	1.513194360935e-128	2.056369441574e-109
2.8260930598e-03	9.29739953	310.12786625	1.290959197895e-133	1.754360915825e-114
2.8648066634e-03	9.42476117	314.37619319	2.437563000306e-138	3.312548734746e-119
2.9035202670e-03	9.55212281	318.62452012	9.391353649490e-143	1.276246671174e-123
2.9422338705e-03	9.67948444	322.87284706	6.909547211453e-147	9.389792948980e-128
2.9809474741e-03	9.80684608	327.12117399	9.187872314292e-151	1.248594387341e-131
3.0196610776e-03	9.93420772	331.36950093	2.107877478930e-154	2.864519552912e-135
3.0583746812e-03	10.06156936	335.61782786	8.017967372033e-158	1.089609075545e-138
3.0970882848e-03	10.18893099	339.86615480	4.885412373463e-161	6.639076230809e-142
3.1358018883e-03	10.31629263	344.11448173	4.991301760579e-164	6.782975590648e-145
3.1745154919e-03	10.44365427	348.36280867	2.356043559873e-164	3.201767138853e-145
3.2132290954e-03	10.57101591	352.61113560	2.003015795848e-163	2.722016800953e-144
3.2519426990e-03	10.69837754	356.85946254	2.217007297030e-162	3.012822526343e-143
3.2906563026e-03	10.82573918	361.10778947	3.137770989942e-161	4.264102844255e-142
3.3293699061e-03	10.95310082	365.35611641	5.618326833797e-160	7.635077100510e-141
3.3680835097e-03	11.08046246	369.60444334	1.263803103387e-158	1.717456890578e-139
3.4067971132e-03	11.20782409	373.85277028	3.557421100679e-157	4.834390235057e-138
3.4455107168e-03	11.33518573	378.10109721	1.251511123337e-155	1.700752590850e-136
3.4842243204e-03	11.46254737	382.34942415	5.509081399297e-154	7.486617009104e-135
3.5229379239e-03	11.58990901	386.59775108	3.044625497713e-152	4.137521917981e-133
3.5616515275e-03	11.71727064	390.84607802	2.124157742397e-150	2.886643767196e-131
3.6003651310e-03	11.84463228	395.09440495	1.885123285079e-148	2.561805685451e-129
3.6390787346e-03	11.97199392	399.34273189	2.148966749456e-146	2.920358196292e-127
3.6777923382e-03	12.09935556	403.59105882	3.184777453629e-144	4.327982711890e-125
3.7165059417e-03	12.22671719	407.83938576	6.225562745961e-142	8.460285947329e-123
3.7552195453e-03	12.35407883	412.08771269	1.633072751991e-139	2.219279287419e-120
3.7939331488e-03	12.48144047	416.33603963	5.866579623807e-137	7.972442520538e-118
3.8326467524e-03	12.60880210	420.58436656	2.956000365141e-134	4.017083976180e-115
3.8713603560e-03	12.73616374	424.83269350	2.148806474283e-131	2.920140388867e-112
3.9100739595e-03	12.86352538	429.08102043	2.329789937998e-128	3.166089537120e-109
3.9487875631e-03	12.99088702	433.32934737	3.919541311756e-125	5.326496837790e-106
3.9875011666e-03	13.11824865	437.57767430	1.072797476712e-121	1.457888031479e-102
4.0262147702e-03	13.24561029	441.82600124	5.058797950258e-118	6.874700160513e-99
4.0649283738e-03	13.37297193	446.07432817	4.408848372212e-114	5.991445183254e-95
4.1036419773e-03	13.50033357	450.32265511	7.750803049728e-110	1.053302533408e-90
4.1423555809e-03	13.62769520	454.57098204	3.071854658646e-105	4.174525237520e-86
4.1810691844e-03	13.75505684	458.81930898	3.172610811409e-100	4.311448741163e-81
4.2197827880e-03	13.88241848	463.06763591	1.037692318821e-94	1.410181553189e-75
4.2584963916e-03	14.00978012	467.31596285	1.413011554979e-88	1.920225092866e-69
4.2972099951e-03	14.13714175	471.56428978	1.202291938671e-81	1.633865725621e-62
4.3359235987e-03	14.26450339	475.81261672	1.229159612149e-73	1.670377798447e-54
4.3746372022e-03	14.39186503	480.06094365	4.985631324255e-64	6.775269698875e-45
4.4133508058e-03	14.51922667	484.30927059	1.254303262774e-51	1.704546994506e-32
4.4520644094e-03	14.64658830	488.55759752	3.148265312135e-31	4.278364200248e-12
4.4907780129e-03	14.77394994	492.80592446	5.432434119468e-02	7.382456480829e+17
4.5294916165e-03	14.90131158	497.05425139	1.358838836582e-01	1.846606577257e+18
4.5682052200e-03	15.02867322	501.30257833	2.038754553558e-01	2.770584315563e+18
4.6069188236e-03	15.15603485	505.55090526	2.148642373384e-01	2.919917382436e+18
4.6456324271e-03	15.28339649	509.79923220	3.731803298133e-01	5.071368531604e+18
4.6843460307e-03	15.41075813	514.04755913	4.432387540051e-01	6.023433952623e+18
4.7230596343e-03	15.53811977	518.29588607	5.498878965422e-01	7.472752317436e+18
4.7617732378e-03	15.66548140	522.54421300	6.708250943121e-01	9.116239527432e+18
4.8004868414e-03	15.79284304	526.79253994	1.022539359591e+00	1.389589299401e+19
4.8392004449e-03	15.92020468	531.04086687	1.149307889442e+00	1.561862562948e+19
4.8779140485e-03	16.04756632	535.28919381	1.235368278328e+00	1.678815122648e+19
4.9166276521e-03	16.17492795	539.53752074	1.238991125537e+00	1.683738424296e+19
4.9553412556e-03	16.30228959	543.78584768	1.274520753473e+00	1.732021740072e+19
4.9940548592e-03	16.42965123	548.03417461	1.314479649813e+00	1.786324251021e+19
5.0327684627e-03	16.55701286	552.28250155	1.151204861237e+00	1.564440470275e+19
5.0714820663e-03	16.68437450	556.53082848	1.039852694443e+00	1.413117415577e+19
5.1101956699e-03	16.81173614	560.77915542	9.670115466371e-01	1.314129265539e+19
5.1489092734e-03	16.93909778	565.02748235	7.607413964384e-01	1.033816541326e+19
5.1876228770e-03	17.06645941	569.27580929	5.975617362019e-01	8.120620361156e+18
5.2263364805e-03	17.19382105	573.52413622	6.057806722609e-01	8.232312351228e+18
5.2650500841e-03	17.32118269	577.77246316	4.467073704390e-01	6.070571035759e+18
5.3037636877e-03	17.44854433	582.02079009	8.783870703533e-01	1.193692215607e+19
5.3424772912e-03	17.57590596	586.26911703	1.137016169410e+00	1.545158616575e+19
5.3811908948e-03	17.70326760	590.51744396	1.197399974756e+00	1.627217746111e+19
5.4199044983e-03	17.83062924	594.76577090	9.872979843471e-01	1.341697707282e+19
5.4586181019e-03	17.95799088	599.01409783	4.877178984691e-01	6.627887391153e+18
5.4973317055e-03	18.08535251	603.26242477	2.046049243068e-01	2.780497501194e+18
5.5360453090e-03	18.21271415	607.51075170	1.884620151256e-01	2.561121947100e+18
5.5747589126e-03	18.34007579	611.75907864	1.356562862151e-01	1.843513620800e+18
5.6134725161e-03	18.46743743	616.00740557	9.535639225380e-02	1.295854492666e+18
5.6521861197e-03	18.59479906	620.25573251	8.156028556120e-02	1.108371027569e+18
5.6908997233e-03	18.72216070	624.50405944	1.350649894903e-02	1.835478139390e+17
5.7296133268e-03	18.84952234	628.75238638	2.499421347424e-48	3.396611706433e-29
5.7683269304e-03	18.97688398	633.00071331	1.317932323242e-68	1.791016293441e-49
