# meta_json: {"summary": {"has_transmission_per_m2": true, "n_temperature_points": 401, "temperature_max_k": 400.0, "temperature_min_k": 0.0, "transmission_metadata": {"atom_symbols": ["N", "N", "N", "N", "N", "N", "Ta", "Ta", "Ta", "Ta", "Ta", "Ta", "Ta", "Ta"], "lattice_vectors_override_angstrom": null, "lattice_vectors_raw": [[2.9399421782000004, -5.0921292238, 0.0], [2.9399421782000004, 5.0921292238, 0.0], [0.0, 0.0, 5.78035016]], "source_format": "phonopy_force_constants", "thickness_angstrom": null, "thickness_direction": null, "transport_direction": 2, "transverse_area_m2": 2.9434289974214144e-19}, "transmission_path": "/home/zhouhb/Desktop/workspace/TaN/phonon_hybrid/N25%/y/transmission.tsv"}}
# temperature_K	conductance_W_per_K	conductance_per_area_W_per_m2K
0.00000000	0.000000000000e+00	0.000000000000e+00
1.00000000	1.999254824247e-14	6.792264484718e+04
2.00000000	4.836555837708e-14	1.643170547666e+05
3.00000000	7.675238656387e-14	2.607584101098e+05
4.00000000	1.054061114467e-13	3.581065197736e+05
5.00000000	1.353665513797e-13	4.598940606289e+05
6.00000000	1.685760796707e-13	5.727200480063e+05
7.00000000	2.075575005002e-13	7.051554519644e+05
8.00000000	2.550886634045e-13	8.666377331606e+05
9.00000000	3.139090968087e-13	1.066474160184e+06
10.00000000	3.864666975031e-13	1.312981212870e+06
11.00000000	4.747578718981e-13	1.612941478507e+06
12.00000000	5.802753067107e-13	1.971426208069e+06
13.00000000	7.040328309486e-13	2.391879782272e+06
14.00000000	8.466251095895e-13	2.876322514765e+06
15.00000000	1.008291105631e-12	3.425566257974e+06
16.00000000	1.188966717162e-12	4.039393232190e+06
17.00000000	1.388324221979e-12	4.716690034632e+06
18.00000000	1.605802189316e-12	5.455549261500e+06
19.00000000	1.840630897568e-12	6.253355862093e+06
20.00000000	2.091857239793e-12	7.106871752727e+06
21.00000000	2.358371281894e-12	8.012326045438e+06
22.00000000	2.638934991754e-12	8.965512652304e+06
23.00000000	2.932212538946e-12	9.961893225603e+06
24.00000000	3.236800998943e-12	1.099670147226e+07
25.00000000	3.551260161825e-12	1.206504442586e+07
26.00000000	3.874140287257e-12	1.316199674139e+07
27.00000000	4.204006928895e-12	1.428268503361e+07
28.00000000	4.539462273727e-12	1.542236037528e+07
29.00000000	4.879162743968e-12	1.657645809783e+07
30.00000000	5.221832859677e-12	1.774064488816e+07
31.00000000	5.566275548155e-12	1.891085381381e+07
32.00000000	5.911379213084e-12	2.008330833957e+07
33.00000000	6.256121950359e-12	2.125453665042e+07
34.00000000	6.599573329443e-12	2.242137770344e+07
35.00000000	6.940894159599e-12	2.358098043364e+07
36.00000000	7.279334639328e-12	2.473079746685e+07
37.00000000	7.614231252786e-12	2.586857457563e+07
38.00000000	7.945002735092e-12	2.699233697179e+07
39.00000000	8.271145383878e-12	2.810037337787e+07
40.00000000	8.592227950380e-12	2.919121867015e+07
41.00000000	8.907886301905e-12	3.026363574494e+07
42.00000000	9.217818009819e-12	3.131659713176e+07
43.00000000	9.521776983914e-12	3.234926676423e+07
44.00000000	9.819568245318e-12	3.336098222149e+07
45.00000000	1.011104290576e-11	3.435123767081e+07
46.00000000	1.039609340085e-11	3.531966767318e+07
47.00000000	1.067464900859e-11	3.626603195775e+07
48.00000000	1.094667167096e-11	3.719020122634e+07
49.00000000	1.121215212631e-11	3.809214401344e+07
50.00000000	1.147110635196e-11	3.897191460030e+07
51.00000000	1.172357231051e-11	3.982964196106e+07
52.00000000	1.196960698912e-11	4.066551970373e+07
53.00000000	1.220928371756e-11	4.147979695877e+07
54.00000000	1.244268974928e-11	4.227277016084e+07
55.00000000	1.266992408816e-11	4.304477566558e+07
56.00000000	1.289109554341e-11	4.379618314117e+07
57.00000000	1.310632099479e-11	4.452738967467e+07
58.00000000	1.331572385084e-11	4.523881453401e+07
59.00000000	1.351943268332e-11	4.593089452868e+07
60.00000000	1.371758002193e-11	4.660407991478e+07
61.00000000	1.391030129409e-11	4.725883079319e+07
62.00000000	1.409773389583e-11	4.789561395290e+07
63.00000000	1.428001638058e-11	4.851490011509e+07
64.00000000	1.445728775382e-11	4.911716153672e+07
65.00000000	1.462968686246e-11	4.970286993598e+07
66.00000000	1.479735186878e-11	5.027249470514e+07
67.00000000	1.496041979974e-11	5.082650137932e+07
68.00000000	1.511902616323e-11	5.136535033280e+07
69.00000000	1.527330462372e-11	5.188949567699e+07
70.00000000	1.542338673042e-11	5.239938433687e+07
71.00000000	1.556940169180e-11	5.289545528510e+07
72.00000000	1.571147619104e-11	5.337813891485e+07
73.00000000	1.584973423734e-11	5.384785653474e+07
74.00000000	1.598429704874e-11	5.430501997074e+07
75.00000000	1.611528296254e-11	5.475003126169e+07
76.00000000	1.624280736966e-11	5.518328243653e+07
77.00000000	1.636698267003e-11	5.560515536257e+07
78.00000000	1.648791824608e-11	5.601602165542e+07
79.00000000	1.660572045188e-11	5.641624264225e+07
80.00000000	1.672049261586e-11	5.680616937086e+07
81.00000000	1.683233505509e-11	5.718614265821e+07
82.00000000	1.694134509939e-11	5.755649317252e+07
83.00000000	1.704761712394e-11	5.791754154380e+07
84.00000000	1.715124258886e-11	5.826959849850e+07
85.00000000	1.725231008476e-11	5.861296501417e+07
86.00000000	1.735090538316e-11	5.894793249084e+07
87.00000000	1.744711149092e-11	5.927478293584e+07
88.00000000	1.754100870790e-11	5.959378915974e+07
89.00000000	1.763267468713e-11	5.990521498083e+07
90.00000000	1.772218449698e-11	6.020931543621e+07
91.00000000	1.780961068470e-11	6.050633699778e+07
92.00000000	1.789502334099e-11	6.079651779154e+07
93.00000000	1.797849016512e-11	6.108008781890e+07
94.00000000	1.806007653038e-11	6.135726917892e+07
95.00000000	1.813984554942e-11	6.162827629039e+07
96.00000000	1.821785813936e-11	6.189331611301e+07
97.00000000	1.829417308639e-11	6.215258836688e+07
98.00000000	1.836884710974e-11	6.240628574981e+07
99.00000000	1.844193492480e-11	6.265459415177e+07
100.00000000	1.851348930531e-11	6.289769286615e+07
101.00000000	1.858356114452e-11	6.313575479754e+07
102.00000000	1.865219951515e-11	6.336894666558e+07
103.00000000	1.871945172826e-11	6.359742920471e+07
104.00000000	1.878536339074e-11	6.382135735974e+07
105.00000000	1.884997846161e-11	6.404088047690e+07
106.00000000	1.891333930688e-11	6.425614249043e+07
107.00000000	1.897548675313e-11	6.446728210451e+07
108.00000000	1.903646013972e-11	6.467443297053e+07
109.00000000	1.909629736955e-11	6.487772385977e+07
110.00000000	1.915503495853e-11	6.507727883128e+07
111.00000000	1.921270808358e-11	6.527321739511e+07
112.00000000	1.926935062938e-11	6.546565467099e+07
113.00000000	1.932499523365e-11	6.565470154224e+07
114.00000000	1.937967333116e-11	6.584046480531e+07
115.00000000	1.943341519640e-11	6.602304731463e+07
116.00000000	1.948624998492e-11	6.620254812326e+07
117.00000000	1.953820577343e-11	6.637906261897e+07
118.00000000	1.958930959865e-11	6.655268265622e+07
119.00000000	1.963958749487e-11	6.672349668387e+07
120.00000000	1.968906453036e-11	6.689158986886e+07
121.00000000	1.973776484261e-11	6.705704421578e+07
122.00000000	1.978571167235e-11	6.721993868267e+07
123.00000000	1.983292739651e-11	6.738034929289e+07
124.00000000	1.987943356008e-11	6.753834924332e+07
125.00000000	1.992525090687e-11	6.769400900896e+07
126.00000000	1.997039940926e-11	6.784739644391e+07
127.00000000	2.001489829691e-11	6.799857687902e+07
128.00000000	2.005876608454e-11	6.814761321613e+07
129.00000000	2.010202059869e-11	6.829456601909e+07
130.00000000	2.014467900359e-11	6.843949360163e+07
131.00000000	2.018675782611e-11	6.858245211214e+07
132.00000000	2.022827297989e-11	6.872349561553e+07
133.00000000	2.026923978852e-11	6.886267617215e+07
134.00000000	2.030967300797e-11	6.900004391396e+07
135.00000000	2.034958684824e-11	6.913564711794e+07
136.00000000	2.038899499418e-11	6.926953227697e+07
137.00000000	2.042791062557e-11	6.940174416801e+07
138.00000000	2.046634643652e-11	6.953232591801e+07
139.00000000	2.050431465412e-11	6.966131906726e+07
140.00000000	2.054182705643e-11	6.978876363053e+07
141.00000000	2.057889498983e-11	6.991469815599e+07
142.00000000	2.061552938570e-11	7.003915978187e+07
143.00000000	2.065174077650e-11	7.016218429115e+07
144.00000000	2.068753931128e-11	7.028380616418e+07
145.00000000	2.072293477056e-11	7.040405862930e+07
146.00000000	2.075793658073e-11	7.052297371167e+07
147.00000000	2.079255382783e-11	7.064058228020e+07
148.00000000	2.082679527087e-11	7.075691409277e+07
149.00000000	2.086066935466e-11	7.087199783972e+07
150.00000000	2.089418422210e-11	7.098586118571e+07
151.00000000	2.092734772602e-11	7.109853081000e+07
152.00000000	2.096016744065e-11	7.121003244518e+07
153.00000000	2.099265067251e-11	7.132039091448e+07
154.00000000	2.102480447103e-11	7.142963016756e+07
155.00000000	2.105663563865e-11	7.153777331505e+07
156.00000000	2.108815074060e-11	7.164484266166e+07
157.00000000	2.111935611429e-11	7.175085973805e+07
158.00000000	2.115025787830e-11	7.185584533150e+07
159.00000000	2.118086194107e-11	7.195981951536e+07
160.00000000	2.121117400925e-11	7.206280167733e+07
161.00000000	2.124119959567e-11	7.216481054673e+07
162.00000000	2.127094402706e-11	7.226586422058e+07
163.00000000	2.130041245145e-11	7.236598018877e+07
164.00000000	2.132960984526e-11	7.246517535820e+07
165.00000000	2.135854102013e-11	7.256346607594e+07
166.00000000	2.138721062950e-11	7.266086815153e+07
167.00000000	2.141562317486e-11	7.275739687835e+07
168.00000000	2.144378301185e-11	7.285306705422e+07
169.00000000	2.147169435601e-11	7.294789300105e+07
170.00000000	2.149936128842e-11	7.304188858387e+07
171.00000000	2.152678776101e-11	7.313506722897e+07
172.00000000	2.155397760173e-11	7.322744194140e+07
173.00000000	2.158093451945e-11	7.331902532169e+07
174.00000000	2.160766210874e-11	7.340982958198e+07
175.00000000	2.163416385436e-11	7.349986656147e+07
176.00000000	2.166044313570e-11	7.358914774119e+07
177.00000000	2.168650323088e-11	7.367768425832e+07
178.00000000	2.171234732084e-11	7.376548691973e+07
179.00000000	2.173797849317e-11	7.385256621516e+07
180.00000000	2.176339974577e-11	7.393893232974e+07
181.00000000	2.178861399048e-11	7.402459515608e+07
182.00000000	2.181362405639e-11	7.410956430579e+07
183.00000000	2.183843269319e-11	7.419384912060e+07
184.00000000	2.186304257423e-11	7.427745868299e+07
185.00000000	2.188745629957e-11	7.436040182639e+07
186.00000000	2.191167639885e-11	7.444268714497e+07
187.00000000	2.193570533403e-11	7.452432300301e+07
188.00000000	2.195954550206e-11	7.460531754391e+07
189.00000000	2.198319923741e-11	7.468567869878e+07
190.00000000	2.200666881451e-11	7.476541419476e+07
191.00000000	2.202995645007e-11	7.484453156290e+07
192.00000000	2.205306430533e-11	7.492303814580e+07
193.00000000	2.207599448819e-11	7.500094110484e+07
194.00000000	2.209874905529e-11	7.507824742722e+07
195.00000000	2.212133001394e-11	7.515496393260e+07
196.00000000	2.214373932404e-11	7.523109727954e+07
197.00000000	2.216597889989e-11	7.530665397164e+07
198.00000000	2.218805061189e-11	7.538164036343e+07
199.00000000	2.220995628823e-11	7.545606266600e+07
200.00000000	2.223169771649e-11	7.552992695242e+07
201.00000000	2.225327664511e-11	7.560323916291e+07
202.00000000	2.227469478492e-11	7.567600510981e+07
203.00000000	2.229595381051e-11	7.574823048234e+07
204.00000000	2.231705536154e-11	7.581992085112e+07
205.00000000	2.233800104408e-11	7.589108167259e+07
206.00000000	2.235879243180e-11	7.596171829314e+07
207.00000000	2.237943106717e-11	7.603183595314e+07
208.00000000	2.239991846257e-11	7.610143979077e+07
209.00000000	2.242025610139e-11	7.617053484568e+07
210.00000000	2.244044543905e-11	7.623912606253e+07
211.00000000	2.246048790401e-11	7.630721829434e+07
212.00000000	2.248038489871e-11	7.637481630574e+07
213.00000000	2.250013780045e-11	7.644192477603e+07
214.00000000	2.251974796232e-11	7.650854830217e+07
215.00000000	2.253921671401e-11	7.657469140160e+07
216.00000000	2.255854536256e-11	7.664035851494e+07
217.00000000	2.257773519323e-11	7.670555400863e+07
218.00000000	2.259678747011e-11	7.677028217738e+07
219.00000000	2.261570343694e-11	7.683454724659e+07
220.00000000	2.263448431767e-11	7.689835337459e+07
221.00000000	2.265313131721e-11	7.696170465488e+07
222.00000000	2.267164562198e-11	7.702460511817e+07
223.00000000	2.269002840049e-11	7.708705873443e+07
224.00000000	2.270828080396e-11	7.714906941479e+07
225.00000000	2.272640396683e-11	7.721064101338e+07
226.00000000	2.274439900728e-11	7.727177732910e+07
227.00000000	2.276226702772e-11	7.733248210729e+07
228.00000000	2.278000911528e-11	7.739275904137e+07
229.00000000	2.279762634227e-11	7.745261177438e+07
230.00000000	2.281511976660e-11	7.751204390046e+07
231.00000000	2.283249043220e-11	7.757105896626e+07
232.00000000	2.284973936942e-11	7.762966047231e+07
233.00000000	2.286686759544e-11	7.768785187435e+07
234.00000000	2.288387611459e-11	7.774563658454e+07
235.00000000	2.290076591876e-11	7.780301797267e+07
236.00000000	2.291753798769e-11	7.785999936730e+07
237.00000000	2.293419328931e-11	7.791658405690e+07
238.00000000	2.295073278005e-11	7.797277529084e+07
239.00000000	2.296715740514e-11	7.802857628045e+07
240.00000000	2.298346809889e-11	7.808399019996e+07
241.00000000	2.299966578498e-11	7.813902018744e+07
242.00000000	2.301575137669e-11	7.819366934570e+07
243.00000000	2.303172577718e-11	7.824794074311e+07
244.00000000	2.304758987971e-11	7.830183741445e+07
245.00000000	2.306334456789e-11	7.835536236170e+07
246.00000000	2.307899071589e-11	7.840851855474e+07
247.00000000	2.309452918865e-11	7.846130893216e+07
248.00000000	2.310996084211e-11	7.851373640185e+07
249.00000000	2.312528652336e-11	7.856580384176e+07
250.00000000	2.314050707086e-11	7.861751410050e+07
251.00000000	2.315562331462e-11	7.866886999791e+07
252.00000000	2.317063607638e-11	7.871987432575e+07
253.00000000	2.318554616973e-11	7.877052984817e+07
254.00000000	2.320035440035e-11	7.882083930229e+07
255.00000000	2.321506156607e-11	7.887080539876e+07
256.00000000	2.322966845711e-11	7.892043082221e+07
257.00000000	2.324417585615e-11	7.896971823173e+07
258.00000000	2.325858453851e-11	7.901867026140e+07
259.00000000	2.327289527226e-11	7.906728952066e+07
260.00000000	2.328710881837e-11	7.911557859480e+07
261.00000000	2.330122593080e-11	7.916354004534e+07
262.00000000	2.331524735663e-11	7.921117641044e+07
263.00000000	2.332917383621e-11	7.925849020528e+07
264.00000000	2.334300610319e-11	7.930548392246e+07
265.00000000	2.335674488471e-11	7.935216003230e+07
266.00000000	2.337039090144e-11	7.939852098324e+07
267.00000000	2.338394486772e-11	7.944456920214e+07
268.00000000	2.339740749163e-11	7.949030709463e+07
269.00000000	2.341077947507e-11	7.953573704539e+07
270.00000000	2.342406151388e-11	7.958086141845e+07
271.00000000	2.343725429792e-11	7.962568255751e+07
272.00000000	2.345035851113e-11	7.967020278620e+07
273.00000000	2.346337483163e-11	7.971442440834e+07
274.00000000	2.347630393177e-11	7.975834970823e+07
275.00000000	2.348914647825e-11	7.980198095087e+07
276.00000000	2.350190313215e-11	7.984532038224e+07
277.00000000	2.351457454903e-11	7.988837022951e+07
278.00000000	2.352716137897e-11	7.993113270128e+07
279.00000000	2.353966426666e-11	7.997360998782e+07
280.00000000	2.355208385146e-11	8.001580426126e+07
281.00000000	2.356442076744e-11	8.005771767581e+07
282.00000000	2.357667564346e-11	8.009935236800e+07
283.00000000	2.358884910325e-11	8.014071045681e+07
284.00000000	2.360094176542e-11	8.018179404393e+07
285.00000000	2.361295424353e-11	8.022260521390e+07
286.00000000	2.362488714617e-11	8.026314603434e+07
287.00000000	2.363674107700e-11	8.030341855607e+07
288.00000000	2.364851663478e-11	8.034342481335e+07
289.00000000	2.366021441343e-11	8.038316682399e+07
290.00000000	2.367183500211e-11	8.042264658957e+07
291.00000000	2.368337898523e-11	8.046186609555e+07
292.00000000	2.369484694250e-11	8.050082731148e+07
293.00000000	2.370623944900e-11	8.053953219110e+07
294.00000000	2.371755707521e-11	8.057798267254e+07
295.00000000	2.372880038703e-11	8.061618067843e+07
296.00000000	2.373996994586e-11	8.065412811608e+07
297.00000000	2.375106630864e-11	8.069182687759e+07
298.00000000	2.376209002786e-11	8.072927884000e+07
299.00000000	2.377304165161e-11	8.076648586543e+07
300.00000000	2.378392172366e-11	8.080344980123e+07
301.00000000	2.379473078343e-11	8.084017248006e+07
302.00000000	2.380546936609e-11	8.087665572007e+07
303.00000000	2.381613800255e-11	8.091290132501e+07
304.00000000	2.382673721953e-11	8.094891108434e+07
305.00000000	2.383726753958e-11	8.098468677337e+07
306.00000000	2.384772948112e-11	8.102023015336e+07
307.00000000	2.385812355846e-11	8.105554297168e+07
308.00000000	2.386845028186e-11	8.109062696187e+07
309.00000000	2.387871015756e-11	8.112548384379e+07
310.00000000	2.388890368779e-11	8.116011532372e+07
311.00000000	2.389903137081e-11	8.119452309449e+07
312.00000000	2.390909370097e-11	8.122870883556e+07
313.00000000	2.391909116870e-11	8.126267421315e+07
314.00000000	2.392902426058e-11	8.129642088034e+07
315.00000000	2.393889345933e-11	8.132995047717e+07
316.00000000	2.394869924390e-11	8.136326463075e+07
317.00000000	2.395844208943e-11	8.139636495537e+07
318.00000000	2.396812246733e-11	8.142925305259e+07
319.00000000	2.397774084530e-11	8.146193051133e+07
320.00000000	2.398729768732e-11	8.149439890799e+07
321.00000000	2.399679345375e-11	8.152665980656e+07
322.00000000	2.400622860131e-11	8.155871475866e+07
323.00000000	2.401560358309e-11	8.159056530370e+07
324.00000000	2.402491884865e-11	8.162221296895e+07
325.00000000	2.403417484397e-11	8.165365926961e+07
326.00000000	2.404337201153e-11	8.168490570894e+07
327.00000000	2.405251079031e-11	8.171595377834e+07
328.00000000	2.406159161582e-11	8.174680495742e+07
329.00000000	2.407061492015e-11	8.177746071414e+07
330.00000000	2.407958113195e-11	8.180792250484e+07
331.00000000	2.408849067652e-11	8.183819177436e+07
332.00000000	2.409734397576e-11	8.186826995615e+07
333.00000000	2.410614144828e-11	8.189815847230e+07
334.00000000	2.411488350933e-11	8.192785873367e+07
335.00000000	2.412357057093e-11	8.195737213998e+07
336.00000000	2.413220304179e-11	8.198670007986e+07
337.00000000	2.414078132744e-11	8.201584393096e+07
338.00000000	2.414930583015e-11	8.204480506004e+07
339.00000000	2.415777694904e-11	8.207358482303e+07
340.00000000	2.416619508006e-11	8.210218456512e+07
341.00000000	2.417456061602e-11	8.213060562084e+07
342.00000000	2.418287394661e-11	8.215884931418e+07
343.00000000	2.419113545846e-11	8.218691695860e+07
344.00000000	2.419934553511e-11	8.221480985716e+07
345.00000000	2.420750455706e-11	8.224252930260e+07
346.00000000	2.421561290180e-11	8.227007657739e+07
347.00000000	2.422367094382e-11	8.229745295383e+07
348.00000000	2.423167905465e-11	8.232465969412e+07
349.00000000	2.423963760285e-11	8.235169805044e+07
350.00000000	2.424754695408e-11	8.237856926503e+07
351.00000000	2.425540747106e-11	8.240527457026e+07
352.00000000	2.426321951365e-11	8.243181518871e+07
353.00000000	2.427098343886e-11	8.245819233324e+07
354.00000000	2.427869960084e-11	8.248440720707e+07
355.00000000	2.428636835093e-11	8.251046100385e+07
356.00000000	2.429399003769e-11	8.253635490774e+07
357.00000000	2.430156500688e-11	8.256209009347e+07
358.00000000	2.430909360154e-11	8.258766772645e+07
359.00000000	2.431657616196e-11	8.261308896277e+07
360.00000000	2.432401302571e-11	8.263835494935e+07
361.00000000	2.433140452771e-11	8.266346682397e+07
362.00000000	2.433875100017e-11	8.268842571534e+07
363.00000000	2.434605277268e-11	8.271323274319e+07
364.00000000	2.435331017219e-11	8.273788901831e+07
365.00000000	2.436052352307e-11	8.276239564267e+07
366.00000000	2.436769314707e-11	8.278675370942e+07
367.00000000	2.437481936339e-11	8.281096430301e+07
368.00000000	2.438190248870e-11	8.283502849927e+07
369.00000000	2.438894283711e-11	8.285894736541e+07
370.00000000	2.439594072027e-11	8.288272196014e+07
371.00000000	2.440289644730e-11	8.290635333376e+07
372.00000000	2.440981032489e-11	8.292984252814e+07
373.00000000	2.441668265726e-11	8.295319057686e+07
374.00000000	2.442351374620e-11	8.297639850528e+07
375.00000000	2.443030389112e-11	8.299946733053e+07
376.00000000	2.443705338901e-11	8.302239806165e+07
377.00000000	2.444376253451e-11	8.304519169964e+07
378.00000000	2.445043161990e-11	8.306784923747e+07
379.00000000	2.445706093512e-11	8.309037166023e+07
380.00000000	2.446365076782e-11	8.311275994511e+07
381.00000000	2.447020140332e-11	8.313501506153e+07
382.00000000	2.447671312469e-11	8.315713797115e+07
383.00000000	2.448318621272e-11	8.317912962797e+07
384.00000000	2.448962094599e-11	8.320099097835e+07
385.00000000	2.449601760081e-11	8.322272296113e+07
386.00000000	2.450237645134e-11	8.324432650762e+07
387.00000000	2.450869776949e-11	8.326580254173e+07
388.00000000	2.451498182505e-11	8.328715197998e+07
389.00000000	2.452122888564e-11	8.330837573157e+07
390.00000000	2.452743921673e-11	8.332947469845e+07
391.00000000	2.453361308169e-11	8.335044977537e+07
392.00000000	2.453975074179e-11	8.337130184994e+07
393.00000000	2.454585245620e-11	8.339203180270e+07
394.00000000	2.455191848202e-11	8.341264050715e+07
395.00000000	2.455794907433e-11	8.343312882983e+07
396.00000000	2.456394448614e-11	8.345349763036e+07
397.00000000	2.456990496847e-11	8.347374776152e+07
398.00000000	2.457583077031e-11	8.349388006927e+07
399.00000000	2.458172213869e-11	8.351389539284e+07
400.00000000	2.458757931866e-11	8.353379456476e+07
