# meta_json: {"atom_symbols": ["N", "N", "N", "N", "N", "N", "Ta", "Ta", "Ta", "Ta", "Ta", "Ta", "Ta", "Ta"], "lattice_vectors_override_angstrom": null, "lattice_vectors_raw": [[2.9399421782000004, -5.0921292238, 0.0], [2.9399421782000004, 5.0921292238, 0.0], [0.0, 0.0, 5.78035016]], "source_format": "phonopy_force_constants", "thickness_angstrom": null, "thickness_direction": null, "transport_direction": 2, "transverse_area_m2": 2.9434289974214144e-19}
# omega_qe	freq_thz	freq_cm^-1	transmission	transmission_per_m2
0.0000000000e+00	0.00000000	0.00000000	0.000000000000e+00	0.000000000000e+00
1.2309028360e-05	0.04049476	1.35075973	2.997895007979e-02	1.018504271924e+17
2.4618056720e-05	0.08098952	2.70151946	2.997895198229e-02	1.018504336560e+17
3.6927085080e-05	0.12148427	4.05227919	2.997894114167e-02	1.018503968260e+17
4.9236113440e-05	0.16197903	5.40303892	2.997892405180e-02	1.018503387650e+17
6.1545141800e-05	0.20247379	6.75379865	2.997890144362e-02	1.018502619560e+17
7.3854170160e-05	0.24296855	8.10455839	2.997887341560e-02	1.018501667336e+17
8.6163198520e-05	0.28346331	9.45531812	2.997883990995e-02	1.018500529016e+17
9.8472226880e-05	0.32395806	10.80607785	2.997880080217e-02	1.018499200369e+17
1.1078125524e-04	0.36445282	12.15683758	2.997875592376e-02	1.018497675671e+17
1.2309028360e-04	0.40494758	13.50759731	2.997870506805e-02	1.018495947900e+17
1.3539931196e-04	0.44544234	14.85835704	2.997864799035e-02	1.018494008743e+17
1.4770834032e-04	0.48593710	16.20911677	2.997858440560e-02	1.018491848516e+17
1.6001736868e-04	0.52643185	17.55987650	2.997851398447e-02	1.018489456030e+17
1.7232639704e-04	0.56692661	18.91063623	2.997843634821e-02	1.018486818417e+17
1.8463542540e-04	0.60742137	20.26139596	2.997835106225e-02	1.018483920914e+17
1.9694445376e-04	0.64791613	21.61215569	2.997825762836e-02	1.018480746593e+17
2.0925348212e-04	0.68841089	22.96291542	2.997815547523e-02	1.018477276044e+17
2.2156251048e-04	0.72890564	24.31367516	2.997804394776e-02	1.018473487012e+17
2.3387153884e-04	0.76940040	25.66443489	2.997792248364e-02	1.018469360392e+17
2.4618056720e-04	0.80989516	27.01519462	4.990692762650e-02	1.695536996823e+17
2.5848959556e-04	0.85038992	28.36595435	4.993420627660e-02	1.696463761156e+17
2.7079862392e-04	0.89088468	29.71671408	6.988534817151e-02	2.374283471174e+17
2.8310765228e-04	0.93137943	31.06747381	6.990601843437e-02	2.374985722285e+17
2.9541668064e-04	0.97187419	32.41823354	6.991481783704e-02	2.375284673022e+17
3.0772570900e-04	1.01236895	33.76899327	6.991980043535e-02	2.375453951721e+17
3.2003473736e-04	1.05286371	35.11975300	6.992293305795e-02	2.375560379381e+17
3.3234376572e-04	1.09335847	36.47051273	6.992499906835e-02	2.375630569978e+17
3.4465279408e-04	1.13385322	37.82127246	8.985569703743e-02	3.052755718454e+17
3.5696182244e-04	1.17434798	39.17203220	8.987498413465e-02	3.053410977923e+17
3.6927085080e-04	1.21484274	40.52279193	1.097025717318e-01	3.727033056612e+17
3.8157987916e-04	1.25533750	41.87355166	1.098016089210e-01	3.730397744167e+17
3.9388890752e-04	1.29583226	43.22431139	1.097952115865e-01	3.730180401250e+17
4.0619793588e-04	1.33632701	44.57507112	1.496071427621e-01	5.082750183313e+17
4.1850696424e-04	1.37682177	45.92583085	1.301012876289e-01	4.420058637150e+17
4.3081599260e-04	1.41731653	47.27659058	1.695754805104e-01	5.761154104920e+17
4.4312502096e-04	1.45781129	48.62735031	1.895736457892e-01	6.440571386478e+17
4.5543404932e-04	1.49830605	49.97811004	1.898914760725e-01	6.451369346393e+17
4.6774307768e-04	1.53880080	51.32886977	2.493370274261e-01	8.470971361787e+17
4.8005210604e-04	1.57929556	52.67962950	2.494172801299e-01	8.473697865600e+17
4.9236113440e-04	1.61979032	54.03038923	2.691902787803e-01	9.145465340461e+17
5.0467016276e-04	1.66028508	55.38114897	2.990604465450e-01	1.016027384411e+18
5.1697919112e-04	1.70077984	56.73190870	3.277053888124e-01	1.113345656034e+18
5.2928821948e-04	1.74127459	58.08266843	2.685122038614e-01	9.122428436245e+17
5.4159724784e-04	1.78176935	59.43342816	3.566373218524e-01	1.211638949555e+18
5.5390627620e-04	1.82226411	60.78418789	2.978848440442e-01	1.012033394742e+18
5.6621530456e-04	1.86275887	62.13494762	3.543053426691e-01	1.203716287974e+18
5.7852433292e-04	1.90325363	63.48570735	3.359277259799e-01	1.141280208472e+18
5.9083336128e-04	1.94374838	64.83646708	3.063255940916e-01	1.040709982677e+18
6.0314238964e-04	1.98424314	66.18722681	3.001351562506e-01	1.019678601092e+18
6.1545141800e-04	2.02473790	67.53798654	3.863364602837e-01	1.312538745192e+18
6.2776044636e-04	2.06523266	68.88874627	3.579665812201e-01	1.216154972767e+18
6.4006947472e-04	2.10572742	70.23950601	3.139195233777e-01	1.066509583390e+18
6.5237850308e-04	2.14622217	71.59026574	5.537678148117e-01	1.881369706206e+18
6.6468753144e-04	2.18671693	72.94102547	3.568308619577e-01	1.212296482335e+18
6.7699655980e-04	2.22721169	74.29178520	3.669562625377e-01	1.246696498741e+18
6.8930558816e-04	2.26770645	75.64254493	6.250982243214e-01	2.123707501927e+18
7.0161461652e-04	2.30820121	76.99330466	4.077530421696e-01	1.385299399193e+18
7.1392364488e-04	2.34869596	78.34406439	3.510499638989e-01	1.192656470417e+18
7.2623267324e-04	2.38919072	79.69482412	4.894176823360e-01	1.662746690220e+18
7.3854170160e-04	2.42968548	81.04558385	4.014051982434e-01	1.363733246479e+18
7.5085072996e-04	2.47018024	82.39634358	3.881363429715e-01	1.318653663165e+18
7.6315975832e-04	2.51067500	83.74710331	3.065643532434e-01	1.041521142558e+18
7.7546878668e-04	2.55116975	85.09786305	2.451575546614e-01	8.328978034671e+17
7.8777781504e-04	2.59166451	86.44862278	3.374876834438e-01	1.146580004952e+18
8.0008684340e-04	2.63215927	87.79938251	3.655139217846e-01	1.241796293047e+18
8.1239587176e-04	2.67265403	89.15014224	3.377048536727e-01	1.147317818669e+18
8.2470490012e-04	2.71314879	90.50090197	3.277021875349e-01	1.113334780020e+18
8.3701392848e-04	2.75364354	91.85166170	3.684917440384e-01	1.251913140630e+18
8.4932295684e-04	2.79413830	93.20242143	5.550756276588e-01	1.885812867051e+18
8.6163198520e-04	2.83463306	94.55318116	6.741953952736e-01	2.290510135846e+18
8.7394101356e-04	2.87512782	95.90394089	5.973405647150e-01	2.029403682706e+18
8.8625004192e-04	2.91562258	97.25470062	5.538549136003e-01	1.881665615462e+18
8.9855907028e-04	2.95611733	98.60546035	5.353157570198e-01	1.818680720645e+18
9.1086809864e-04	2.99661209	99.95622008	5.545551257872e-01	1.884044514996e+18
9.2317712700e-04	3.03710685	101.30697982	6.813237367641e-01	2.314727949480e+18
9.3548615536e-04	3.07760161	102.65773955	6.992855380587e-01	2.375751338562e+18
9.4779518372e-04	3.11809637	104.00849928	7.453882283172e-01	2.532380529546e+18
9.6010421208e-04	3.15859112	105.35925901	5.230729261337e-01	1.777086950601e+18
9.7241324044e-04	3.19908588	106.71001874	7.726003370034e-01	2.624830895124e+18
9.8472226880e-04	3.23958064	108.06077847	4.934508435738e-01	1.676448944432e+18
9.9703129716e-04	3.28007540	109.41153820	5.231708472465e-01	1.777419627601e+18
1.0093403255e-03	3.32057016	110.76229793	7.439401061743e-01	2.527460682170e+18
1.0216493539e-03	3.36106491	112.11305766	7.718220660543e-01	2.622186798902e+18
1.0339583822e-03	3.40155967	113.46381739	7.441890438754e-01	2.528306422636e+18
1.0462674106e-03	3.44205443	114.81457712	7.434507019544e-01	2.525797981218e+18
1.0585764390e-03	3.48254919	116.16533686	6.773833742023e-01	2.301340969311e+18
1.0708854673e-03	3.52304395	117.51609659	5.778358939620e-01	1.963138551901e+18
1.0831944957e-03	3.56353870	118.86685632	5.223012278868e-01	1.774465184465e+18
1.0955035240e-03	3.60403346	120.21761605	6.937740079349e-01	2.357026476748e+18
1.1078125524e-03	3.64452822	121.56837578	3.834158987721e-01	1.302616435144e+18
1.1201215808e-03	3.68502298	122.91913551	6.442040143708e-01	2.188617476199e+18
1.1324306091e-03	3.72551773	124.26989524	6.172263463494e-01	2.096963598885e+18
1.1447396375e-03	3.76601249	125.62065497	6.430421277368e-01	2.184670084789e+18
1.1570486658e-03	3.80650725	126.97141470	7.944056210774e-01	2.698912125189e+18
1.1693576942e-03	3.84700201	128.32217443	9.179256024431e-01	3.118558671696e+18
1.1816667226e-03	3.88749677	129.67293416	9.352252801044e-01	3.177332563224e+18
1.1939757509e-03	3.92799152	131.02369389	6.715585460324e-01	2.281551709318e+18
1.2062847793e-03	3.96848628	132.37445363	7.981418572175e-01	2.711605606647e+18
1.2185938076e-03	4.00898104	133.72521336	6.457945976437e-01	2.194021320743e+18
1.2309028360e-03	4.04947580	135.07597309	6.693691180391e-01	2.274113350876e+18
1.2432118644e-03	4.08997056	136.42673282	7.553505212615e-01	2.566226404385e+18
1.2555208927e-03	4.13046531	137.77749255	2.731641012101e-01	9.280471907065e+17
1.2678299211e-03	4.17096007	139.12825228	3.538318741138e-01	1.202107726817e+18
1.2801389494e-03	4.21145483	140.47901201	4.457331739000e-01	1.514333025497e+18
1.2924479778e-03	4.25194959	141.82977174	3.130678761665e-01	1.063616198797e+18
1.3047570062e-03	4.29244435	143.18053147	3.953112499174e-01	1.343029678187e+18
1.3170660345e-03	4.33293910	144.53129120	2.511897185148e-01	8.533914653108e+17
1.3293750629e-03	4.37343386	145.88205093	3.072441668888e-01	1.043830740126e+18
1.3416840912e-03	4.41392862	147.23281067	3.021853769889e-01	1.026644017076e+18
1.3539931196e-03	4.45442338	148.58357040	2.079512933957e-01	7.064933231883e+17
1.3663021480e-03	4.49491814	149.93433013	2.750562992911e-01	9.344757408183e+17
1.3786111763e-03	4.53541289	151.28508986	2.468776873660e-01	8.387417790010e+17
1.3909202047e-03	4.57590765	152.63584959	2.368285158788e-01	8.046007431683e+17
1.4032292330e-03	4.61640241	153.98660932	1.822640212539e-01	6.192234343468e+17
1.4155382614e-03	4.65689717	155.33736905	1.156061486619e-01	3.927601065396e+17
1.4278472898e-03	4.69739193	156.68812878	1.853447355099e-01	6.296898470193e+17
1.4401563181e-03	4.73788668	158.03888851	2.063894053443e-01	7.011869677342e+17
1.4524653465e-03	4.77838144	159.38964824	1.613920496500e-01	5.483130382672e+17
1.4647743748e-03	4.81887620	160.74040797	2.839366472161e-10	9.646458177346e+08
1.4770834032e-03	4.85937096	162.09116770	5.459056076701e-19	1.854658658824e+00
1.4893924316e-03	4.89986572	163.44192744	6.661614697240e-21	2.263215692676e-02
1.5017014599e-03	4.94036047	164.79268717	1.761915338311e-22	5.985927772860e-04
1.5140104883e-03	4.98085523	166.14344690	7.761050868953e-24	2.636737925648e-05
1.5263195166e-03	5.02134999	167.49420663	5.272402202805e-25	1.791244907699e-06
1.5386285450e-03	5.06184475	168.84496636	6.201637829917e-26	2.106943240469e-07
1.5509375734e-03	5.10233951	170.19572609	1.545273250465e-26	5.249908361367e-08
1.5632466017e-03	5.14283426	171.54648582	7.204642689901e-27	2.447703918190e-08
1.5755556301e-03	5.18332902	172.89724555	4.846550271318e-27	1.646566054613e-08
1.5878646584e-03	5.22382378	174.24800528	4.262210399386e-27	1.448042539202e-08
1.6001736868e-03	5.26431854	175.59876501	4.925564657664e-27	1.673410386994e-08
1.6124827152e-03	5.30481330	176.94952474	7.892543624814e-27	2.681411249168e-08
1.6247917435e-03	5.34530805	178.30028448	1.953560795091e-26	6.637023678172e-08
1.6371007719e-03	5.38580281	179.65104421	1.070955524021e-25	3.638462232176e-07
1.6494098002e-03	5.42629757	181.00180394	2.876492274733e-23	9.772589307414e-05
1.6617188286e-03	5.46679233	182.35256367	2.395420520162e-16	8.138197056088e+02
1.6740278570e-03	5.50728709	183.70332340	2.870311181411e-02	9.751589672881e+16
1.6863368853e-03	5.54778184	185.05408313	5.903353521876e-02	2.005604187173e+17
1.6986459137e-03	5.58827660	186.40484286	3.074652606621e-02	1.044581883685e+17
1.7109549420e-03	5.62877136	187.75560259	6.141934328144e-02	2.086659584289e+17
1.7232639704e-03	5.66926612	189.10636232	1.822454611943e-08	6.191603784360e+10
1.7355729988e-03	5.70976088	190.45712205	6.966333841519e-20	2.366740915994e-01
1.7478820271e-03	5.75025563	191.80788178	6.930193809594e-24	2.354462708516e-05
1.7601910555e-03	5.79075039	193.15864151	1.798529494508e-26	6.110320636523e-08
1.7725000838e-03	5.83124515	194.50940125	2.143744251292e-28	7.283152585538e-10
1.7848091122e-03	5.87173991	195.86016098	2.964334310904e-29	1.007102367171e-10
1.7971181406e-03	5.91223467	197.21092071	1.479750541354e-27	5.027301635779e-09
1.8094271689e-03	5.95272942	198.56168044	2.491381185203e-32	8.464213634458e-14
1.8217361973e-03	5.99322418	199.91244017	2.644951152824e-33	8.985951946322e-15
1.8340452256e-03	6.03371894	201.26319990	3.564080672076e-34	1.210860080266e-15
1.8463542540e-03	6.07421370	202.61395963	5.803774763618e-35	1.971773319045e-16
1.8586632824e-03	6.11470846	203.96471936	1.101979593727e-35	3.743863346773e-17
1.8709723107e-03	6.15520321	205.31547909	2.375272531508e-36	8.069746318287e-18
1.8832813391e-03	6.19569797	206.66623882	5.694463065269e-37	1.934635783726e-18
1.8955903674e-03	6.23619273	208.01699855	1.494531772419e-37	5.077519361697e-19
1.9078993958e-03	6.27668749	209.36775829	4.241166243194e-38	1.440893001635e-19
1.9202084242e-03	6.31718225	210.71851802	1.289000694183e-38	4.379248472827e-20
1.9325174525e-03	6.35767700	212.06927775	4.169656837055e-39	1.416598409782e-20
1.9448264809e-03	6.39817176	213.42003748	1.437454458396e-39	4.883605005098e-21
1.9571355092e-03	6.43866652	214.77079721	5.448166671264e-40	1.850959094321e-21
1.9694445376e-03	6.47916128	216.12155694	2.662539271937e-40	9.045705788283e-22
1.9817535660e-03	6.51965604	217.47231667	2.660843692276e-40	9.039945229212e-22
1.9940625943e-03	6.56015079	218.82307640	7.565820718378e-40	2.570410471938e-21
2.0063716227e-03	6.60064555	220.17383613	5.471619419470e-39	1.858926926474e-20
2.0186806510e-03	6.64114031	221.52459586	9.391860971601e-38	3.190789035451e-19
2.0309896794e-03	6.68163507	222.87535559	3.702296863742e-36	1.257817622571e-17
2.0432987078e-03	6.72212983	224.22611532	4.018593118239e-34	1.365276051082e-15
2.0556077361e-03	6.76262458	225.57687506	2.489865250947e-31	8.459063402339e-13
2.0679167645e-03	6.80311934	226.92763479	1.253906501892e-24	4.260019531611e-06
2.0802257928e-03	6.84361410	228.27839452	7.556115752033e-08	2.567113308543e+11
2.0925348212e-03	6.88410886	229.62915425	2.922813131389e-13	9.929959696494e+05
2.1048438496e-03	6.92460362	230.97991398	3.462864519800e-17	1.176472924210e+02
2.1171528779e-03	6.96509837	232.33067371	8.691907325279e-28	2.952986918622e-09
2.1294619063e-03	7.00559313	233.68143344	4.153243496177e-32	1.411022144518e-13
2.1417709346e-03	7.04608789	235.03219317	8.009366921974e-35	2.721100773618e-16
2.1540799630e-03	7.08658265	236.38295290	7.971413805111e-37	2.708206589014e-18
2.1663889914e-03	7.12707741	237.73371263	2.005733664453e-38	6.814275683938e-20
2.1786980197e-03	7.16757216	239.08447236	9.251935112450e-40	3.143250651045e-21
2.1910070481e-03	7.20806692	240.43523210	1.953933525909e-09	6.638289993135e+09
2.2033160764e-03	7.24856168	241.78599183	6.436590279755e-42	2.186765940471e-23
2.2156251048e-03	7.28905644	243.13675156	8.135871350953e-43	2.764079363926e-24
2.2279341332e-03	7.32955120	244.48751129	1.387225879880e-43	4.712958529306e-25
2.2402431615e-03	7.37004595	245.83827102	9.865403540490e-44	3.351670296492e-25
2.2525521899e-03	7.41054071	247.18903075	6.243808443138e-43	2.121270276473e-24
2.2648612182e-03	7.45103547	248.53979048	9.453430925673e-42	3.211706799775e-23
2.2771702466e-03	7.49153023	249.89055021	3.929170847661e-40	1.334895746119e-21
2.2894792750e-03	7.53202499	251.24130994	1.012914655420e-37	3.441274297111e-19
2.3017883033e-03	7.57251974	252.59206967	1.847178249679e-33	6.275599823531e-15
2.3140973317e-03	7.61301450	253.94282940	8.929793109391e-03	3.033806189045e+16
2.3264063600e-03	7.65350926	255.29358914	1.367425973362e-17	4.645690365081e+01
2.3387153884e-03	7.69400402	256.64434887	9.107214893878e-30	3.094083431894e-11
2.3510244168e-03	7.73449878	257.99510860	2.189915973783e-37	7.440016306496e-19
2.3633334451e-03	7.77499353	259.34586833	4.055426687366e-41	1.377789880754e-22
2.3756424735e-03	7.81548829	260.69662806	9.152359197710e-44	3.109420748973e-25
2.3879515018e-03	7.85598305	262.04738779	1.093443552047e-45	3.714863015227e-27
2.4002605302e-03	7.89647781	263.39814752	6.483331615668e-47	2.202645832920e-28
2.4125695586e-03	7.93697257	264.74890725	2.001671803957e-40	6.800475926921e-22
2.4248785869e-03	7.97746732	266.09966698	4.057880381352e-02	1.378623498276e+17
2.4371876153e-03	8.01796208	267.45042671	4.520963744628e-34	1.535951350819e-15
2.4494966436e-03	8.05845684	268.80118644	2.098185721013e-08	7.128372122621e+10
2.4618056720e-03	8.09895160	270.15194617	5.838707890230e-02	1.983641492744e+17
2.4741147004e-03	8.13944636	271.50270591	7.333162799418e-30	2.491367315414e-11
2.4864237287e-03	8.17994111	272.85346564	5.301961795467e-44	1.801287478010e-25
2.4987327571e-03	8.22043587	274.20422537	5.654637413076e-46	1.921105424330e-27
2.5110417854e-03	8.26093063	275.55498510	4.629595084643e-47	1.572857741328e-28
2.5233508138e-03	8.30142539	276.90574483	6.865485668260e-48	2.332478777057e-29
2.5356598422e-03	8.34192015	278.25650456	1.415871084820e-48	4.810277693331e-30
2.5479688705e-03	8.38241490	279.60726429	3.644544201007e-49	1.238196744070e-30
2.5602778989e-03	8.42290966	280.95802402	1.105773468310e-49	3.756752648966e-31
2.5725869272e-03	8.46340442	282.30878375	3.821835604188e-50	1.298429691199e-31
2.5848959556e-03	8.50389918	283.65954348	1.472573782098e-50	5.002919327722e-32
2.5972049840e-03	8.54439394	285.01030321	6.235245655070e-51	2.118361156506e-32
2.6095140123e-03	8.58488869	286.36106295	2.871726485708e-51	9.756398024970e-33
2.6218230407e-03	8.62538345	287.71182268	1.426643691630e-51	4.846876526934e-33
2.6341320690e-03	8.66587821	289.06258241	7.585104986432e-52	2.576962105448e-33
2.6464410974e-03	8.70637297	290.41334214	4.281558253226e-52	1.454615775334e-33
2.6587501258e-03	8.74686773	291.76410187	2.544883633301e-52	8.645982748457e-34
2.6710591541e-03	8.78736248	293.11486160	1.579975876921e-52	5.367806997569e-34
2.6833681825e-03	8.82785724	294.46562133	1.016925091634e-52	3.454899345372e-34
2.6956772108e-03	8.86835200	295.81638106	6.740853289933e-53	2.290136196877e-34
2.7079862392e-03	8.90884676	297.16714079	4.576315009289e-53	1.554756378801e-34
2.7202952676e-03	8.94934152	298.51790052	3.167611154148e-53	1.076163602697e-34
2.7326042959e-03	8.98983627	299.86866025	2.227449625133e-53	7.567533061216e-35
2.7449133243e-03	9.03033103	301.21941998	1.586828093325e-53	5.391086704370e-35
2.7572223526e-03	9.07082579	302.57017972	1.142768543016e-53	3.882439644431e-35
2.7695313810e-03	9.11132055	303.92093945	8.305558969165e-54	2.821729002616e-35
2.7818404094e-03	9.15181531	305.27169918	6.084201343651e-54	2.067045391270e-35
2.7941494377e-03	9.19231006	306.62245891	4.487778250743e-54	1.524676917525e-35
2.8064584661e-03	9.23280482	307.97321864	3.330566340092e-54	1.131525966147e-35
2.8187674944e-03	9.27329958	309.32397837	2.485439887323e-54	8.444028680494e-36
2.8310765228e-03	9.31379434	310.67473810	1.864159047185e-54	6.333290352232e-36
2.8433855512e-03	9.35428910	312.02549783	1.404742377034e-54	4.772469042958e-36
2.8556945795e-03	9.39478385	313.37625756	1.063206535326e-54	3.612135832926e-36
2.8680036079e-03	9.43527861	314.72701729	8.080634473084e-55	2.745313197690e-36
2.8803126362e-03	9.47577337	316.07777702	6.165961064134e-55	2.094822422941e-36
2.8926216646e-03	9.51626813	317.42853676	4.723034538364e-55	1.604602843317e-36
2.9049306930e-03	9.55676289	318.77929649	3.631264795576e-55	1.233685201429e-36
2.9172397213e-03	9.59725764	320.13005622	2.802039541883e-55	9.519643736395e-37
2.9295487497e-03	9.63775240	321.48081595	2.169917772428e-55	7.372074455776e-37
2.9418577780e-03	9.67824716	322.83157568	1.686347285577e-55	5.729193016222e-37
2.9541668064e-03	9.71874192	324.18233541	1.315151237330e-55	4.468092277689e-37
2.9664758348e-03	9.75923668	325.53309514	1.029265167683e-55	3.496823495946e-37
2.9787848631e-03	9.79973143	326.88385487	8.083646307278e-56	2.746336437658e-37
2.9910938915e-03	9.84022619	328.23461460	6.371314102997e-56	2.164589024766e-37
3.0034029198e-03	9.88072095	329.58537433	5.039804001882e-56	1.712222039770e-37
3.0157119482e-03	9.92121571	330.93613406	4.001206312734e-56	1.359369061132e-37
3.0280209766e-03	9.96171047	332.28689379	3.188598961769e-56	1.083293996411e-37
3.0403300049e-03	10.00220522	333.63765353	2.550877842602e-56	8.666347463576e-38
3.0526390333e-03	10.04269998	334.98841326	2.048899473002e-56	6.960927118667e-38
3.0649480616e-03	10.08319474	336.33917299	1.652592817677e-56	5.614515652067e-38
3.0772570900e-03	10.12368950	337.68993272	1.338789576100e-56	4.548401124242e-38
3.0895661183e-03	10.16418426	339.04069245	1.089588999530e-56	3.701767565940e-38
3.1018751467e-03	10.20467901	340.39145218	8.911217522624e-57	3.027495322779e-38
3.1141841751e-03	10.24517377	341.74221191	7.326126491896e-57	2.488976801654e-38
3.1264932034e-03	10.28566853	343.09297164	6.056679512299e-57	2.057695129594e-38
3.1388022318e-03	10.32616329	344.44373137	5.037318940053e-57	1.711377765343e-38
3.1511112601e-03	10.36665805	345.79449110	4.216711323915e-57	1.432584692075e-38
3.1634202885e-03	10.40715280	347.14525083	3.554561494795e-57	1.207626036812e-38
3.1757293169e-03	10.44764756	348.49601057	3.019163753352e-57	1.025730111376e-38
3.1880383452e-03	10.48814232	349.84677030	2.585514940498e-57	8.784023473177e-39
3.2003473736e-03	10.52863708	351.19753003	2.233857013429e-57	7.589301509857e-39
3.2126564019e-03	10.56913184	352.54828976	1.948548854663e-57	6.619996121428e-39
3.2249654303e-03	10.60962659	353.89904949	1.717191174208e-57	5.833981983978e-39
3.2372744587e-03	10.65012135	355.24980922	1.529946560653e-57	5.197837494954e-39
3.2495834870e-03	10.69061611	356.60056895	1.379010498828e-57	4.685047609560e-39
3.2618925154e-03	10.73111087	357.95132868	1.258199615172e-57	4.274604946387e-39
3.2742015437e-03	10.77160562	359.30208841	1.162631369015e-57	3.949921571181e-39
3.2865105721e-03	10.81210038	360.65284814	1.088475498461e-57	3.697984559553e-39
3.2988196005e-03	10.85259514	362.00360787	1.032762222487e-57	3.508704383193e-39
3.3111286288e-03	10.89308990	363.35436760	9.932358495827e-58	3.374417560107e-39
3.3234376572e-03	10.93358466	364.70512734	9.682453199589e-58	3.289514782952e-39
3.3357466855e-03	10.97407941	366.05588707	9.566655259092e-58	3.250173612977e-39
3.3480557139e-03	11.01457417	367.40664680	9.578451844244e-58	3.254181382542e-39
3.3603647423e-03	11.05506893	368.75740653	9.715787234940e-58	3.300839681695e-39
3.3726737706e-03	11.09556369	370.10816626	9.981012211236e-58	3.390947163998e-39
3.3849827990e-03	11.13605845	371.45892599	1.038107037015e-57	3.526862845763e-39
3.3972918273e-03	11.17655320	372.80968572	1.092794548822e-57	3.712658092921e-39
3.4096008557e-03	11.21704796	374.16044545	1.163941529341e-57	3.954372707346e-39
3.4219098841e-03	11.25754272	375.51120518	1.254018416859e-57	4.260399751302e-39
3.4342189124e-03	11.29803748	376.86196491	1.366350371954e-57	4.642036118932e-39
3.4465279408e-03	11.33853224	378.21272464	1.505344062473e-57	5.114253015078e-39
3.4588369691e-03	11.37902699	379.56348438	1.676802287627e-57	5.696764858593e-39
3.4711459975e-03	11.41952175	380.91424411	1.888359919633e-57	6.415510349619e-39
3.4834550259e-03	11.46001651	382.26500384	2.150089854563e-57	7.304711125856e-39
3.4957640542e-03	11.50051127	383.61576357	2.475350278241e-57	8.409750262058e-39
3.5080730826e-03	11.54100603	384.96652330	2.881978577994e-57	9.791228463534e-39
3.5203821109e-03	11.58150078	386.31728303	3.393989037490e-57	1.153073181131e-38
3.5326911393e-03	11.62199554	387.66804276	4.044011287028e-57	1.373911614845e-38
3.5450001677e-03	11.66249030	389.01880249	4.876831040354e-57	1.656853637246e-38
3.5573091960e-03	11.70298506	390.36956222	5.954591495399e-57	2.023011766418e-38
3.5696182244e-03	11.74347982	391.72032195	7.364529055057e-57	2.502023681057e-38
3.5819272527e-03	11.78397457	393.07108168	9.230629117824e-57	3.136012156539e-38
3.5942362811e-03	11.82446933	394.42184141	1.173143178513e-56	3.985634372497e-38
3.6065453095e-03	11.86496409	395.77260115	1.512763035620e-56	5.139458220141e-38
3.6188543378e-03	11.90545885	397.12336088	1.980550970415e-56	6.728720047773e-38
3.6311633662e-03	11.94595361	398.47412061	2.634643313491e-56	8.950932112850e-38
3.6434723945e-03	11.98644836	399.82488034	3.563992117832e-56	1.210829994864e-37
3.6557814229e-03	12.02694312	401.17564007	4.907104361481e-56	1.667138689529e-37
3.6680904513e-03	12.06743788	402.52639980	6.883700612527e-56	2.338667118710e-37
3.6803994796e-03	12.10793264	403.87715953	9.849306957168e-56	3.346201646378e-37
3.6927085080e-03	12.14842740	405.22791926	1.439146707998e-55	4.889354250634e-37
3.7050175363e-03	12.18892215	406.57867899	2.150329101579e-55	7.305523943205e-37
3.7173265647e-03	12.22941691	407.92943872	3.290437093175e-55	1.117892463537e-36
3.7296355931e-03	12.26991167	409.28019845	5.165017113057e-55	1.754761918015e-36
3.7419446214e-03	12.31040643	410.63095819	8.332264232486e-55	2.830801843627e-36
3.7542536498e-03	12.35090119	411.98171792	1.384287602703e-54	4.702976032089e-36
3.7665626781e-03	12.39139594	413.33247765	2.373946110493e-54	8.065239938088e-36
3.7788717065e-03	12.43189070	414.68323738	4.213413134485e-54	1.431464165834e-35
3.7911807349e-03	12.47238546	416.03399711	7.762529648939e-54	2.637240326075e-35
3.8034897632e-03	12.51288022	417.38475684	1.489506171702e-53	5.060445395513e-35
3.8157987916e-03	12.55337498	418.73551657	2.988296954878e-53	1.015243431215e-34
3.8281078199e-03	12.59386973	420.08627630	6.296064226628e-53	2.139023646279e-34
3.8404168483e-03	12.63436449	421.43703603	1.400228766297e-52	4.757134510546e-34
3.8527258767e-03	12.67485925	422.78779576	3.306706907592e-52	1.123419967150e-33
3.8650349050e-03	12.71535401	424.13855549	8.349946309485e-52	2.836809149057e-33
3.8773439334e-03	12.75584877	425.48931523	2.273172381613e-51	7.722871465913e-33
3.8896529617e-03	12.79634352	426.84007496	6.737370386743e-51	2.288952916019e-32
3.9019619901e-03	12.83683828	428.19083469	2.199697570749e-50	7.473248285167e-32
3.9142710185e-03	12.87733304	429.54159442	8.025080697444e-50	2.726439368666e-31
3.9265800468e-03	12.91782780	430.89235415	3.329414602722e-49	1.131134675115e-30
3.9388890752e-03	12.95832256	432.24311388	1.605487994394e-48	5.454481816279e-30
3.9511981035e-03	12.99881731	433.59387361	9.250585655809e-48	3.142792186906e-29
3.9635071319e-03	13.03931207	434.94463334	6.599480483176e-47	2.242106226771e-28
3.9758161603e-03	13.07980683	436.29539307	6.108739354617e-46	2.075381930384e-27
3.9881251886e-03	13.12030159	437.64615280	7.814334784019e-45	2.654840592678e-26
4.0004342170e-03	13.16079635	438.99691253	1.507976968704e-43	5.123198045632e-25
4.0127432453e-03	13.20129110	440.34767226	4.981419986248e-42	1.692386665556e-23
4.0250522737e-03	13.24178586	441.69843200	3.410416102041e-40	1.158654108874e-21
4.0373613021e-03	13.28228062	443.04919173	6.587528926437e-38	2.238045807189e-19
4.0496703304e-03	13.32277538	444.39995146	6.199161148034e-35	2.106101813044e-16
4.0619793588e-03	13.36327014	445.75071119	8.948937841881e-31	3.040310416769e-12
4.0742883871e-03	13.40376489	447.10147092	3.976954973695e-14	1.351129915884e+05
4.0865974155e-03	13.44425965	448.45223065	2.385127474402e-01	8.103227482273e+17
4.0989064439e-03	13.48475441	449.80299038	1.220827364949e-01	4.147636535546e+17
4.1112154722e-03	13.52524917	451.15375011	3.571937206055e-01	1.213529257605e+18
4.1235245006e-03	13.56574393	452.50450984	5.554765585711e-02	1.887174988959e+17
4.1358335289e-03	13.60623868	453.85526957	3.729625921909e-24	1.267102391522e-05
4.1481425573e-03	13.64673344	455.20602930	2.292278308027e-30	7.787781903472e-12
4.1604515857e-03	13.68722820	456.55678904	1.465326555130e-34	4.978297612795e-16
4.1727606140e-03	13.72772296	457.90754877	9.280963138573e-38	3.153112627043e-19
4.1850696424e-03	13.76821772	459.25830850	2.386047606086e-40	8.106353535879e-22
4.1973786707e-03	13.80871247	460.60906823	1.590372229398e-42	5.403127545427e-24
4.2096876991e-03	13.84920723	461.95982796	2.119584720354e-44	7.201073041718e-26
4.2219967275e-03	13.88970199	463.31058769	4.793389483966e-46	1.628505218969e-27
4.2343057558e-03	13.93019675	464.66134742	1.648439654893e-47	5.600405704835e-29
4.2466147842e-03	13.97069151	466.01210715	7.996682973260e-49	2.716791531328e-30
4.2589238125e-03	14.01118626	467.36286688	5.203558464335e-50	1.767855949267e-31
4.2712328409e-03	14.05168102	468.71362661	4.418362635840e-51	1.501093669904e-32
4.2835418693e-03	14.09217578	470.06438634	4.911581703330e-52	1.668659820785e-33
4.2958508976e-03	14.13267054	471.41514607	7.590084465597e-53	2.578653832739e-34
4.3081599260e-03	14.17316530	472.76590581	1.870717298337e-53	6.355571342049e-35
4.3204689543e-03	14.21366005	474.11666554	8.115390678928e-54	2.757121264361e-35
4.3327779827e-03	14.25415481	475.46742527	5.535711739921e-54	1.880701639065e-35
4.3450870111e-03	14.29464957	476.81818500	4.908123081038e-54	1.667484789114e-35
4.3573960394e-03	14.33514433	478.16894473	5.035944422031e-54	1.710910786855e-35
4.3697050678e-03	14.37563909	479.51970446	5.671434190152e-54	1.926811958135e-35
4.3820140961e-03	14.41613384	480.87046419	6.844910587868e-54	2.325488603212e-35
4.3943231245e-03	14.45662860	482.22122392	8.752145311090e-54	2.973452160306e-35
4.4066321529e-03	14.49712336	483.57198365	1.178832357954e-53	4.004962779760e-35
4.4189411812e-03	14.53761812	484.92274338	1.668030079620e-53	5.666962176023e-35
4.4312502096e-03	14.57811288	486.27350311	2.477138820818e-53	8.415826653159e-35
4.4435592379e-03	14.61860763	487.62426285	3.861560140738e-53	1.311925697586e-34
4.4558682663e-03	14.65910239	488.97502258	6.325145210408e-53	2.148903614101e-34
4.4681772947e-03	14.69959715	490.32578231	1.090424294700e-52	3.704605396140e-34
4.4804863230e-03	14.74009191	491.67654204	1.983014262502e-52	6.737088831562e-34
4.4927953514e-03	14.78058667	493.02730177	3.815154657919e-52	1.296159907802e-33
4.5051043797e-03	14.82108142	494.37806150	7.792585326863e-52	2.647451436297e-33
4.5174134081e-03	14.86157618	495.72882123	1.696935565041e-51	5.765165616456e-33
4.5297224365e-03	14.90207094	497.07958096	3.959497201181e-51	1.345198815616e-32
4.5420314648e-03	14.94256570	498.43034069	9.958248276857e-51	3.383213349322e-32
4.5543404932e-03	14.98306046	499.78110042	2.718592911462e-50	9.236142315115e-32
4.5666495215e-03	15.02355521	501.13186015	8.123406380727e-50	2.759844517345e-31
4.5789585499e-03	15.06404997	502.48261988	2.683234121139e-49	9.116014429055e-31
4.5912675783e-03	15.10454473	503.83337962	9.913331776241e-49	3.367953426064e-30
4.6035766066e-03	15.14503949	505.18413935	4.154562866396e-48	1.411470387101e-29
4.6158856350e-03	15.18553425	506.53489908	2.008433698397e-47	6.823448774054e-29
4.6281946633e-03	15.22602900	507.88565881	1.142486006912e-46	3.881479756818e-28
4.6405036917e-03	15.26652376	509.23641854	7.826432881926e-46	2.658950798128e-27
4.6528127201e-03	15.30701852	510.58717827	6.626227280202e-45	2.251193178435e-26
4.6651217484e-03	15.34751328	511.93793800	7.132679696428e-44	2.423255224664e-25
4.6774307768e-03	15.38800804	513.28869773	1.032565228025e-42	3.508035114589e-24
4.6897398051e-03	15.42850279	514.63945746	3.336381284183e-41	1.133501534131e-22
4.7020488335e-03	15.46899755	515.99021719	1.650765998356e-38	5.608309219628e-20
4.7143578619e-03	15.50949231	517.34097692	2.065879665138e-33	7.018615590688e-15
4.7266668902e-03	15.54998707	518.69173666	7.089376387092e-13	2.408543366700e+06
4.7389759186e-03	15.59048183	520.04249639	1.586294361215e-01	5.389273403926e+17
4.7512849469e-03	15.63097658	521.39325612	2.278209123475e-02	7.739983283004e+16
4.7635939753e-03	15.67147134	522.74401585	2.461850649437e-01	8.363886649190e+17
4.7759030037e-03	15.71196610	524.09477558	1.796393346376e-01	6.103063290977e+17
4.7882120320e-03	15.75246086	525.44553531	9.005252573909e-02	3.059442772969e+17
4.8005210604e-03	15.79295562	526.79629504	1.007134482226e-22	3.421636747848e-04
4.8128300887e-03	15.83345037	528.14705477	6.021753688951e-33	2.045829437104e-14
4.8251391171e-03	15.87394513	529.49781450	2.675345710713e-39	9.089214358683e-21
4.8374481455e-03	15.91443989	530.84857423	4.711919008505e-44	1.600826455346e-25
4.8497571738e-03	15.95493465	532.19933396	7.790184390333e-48	2.646635742584e-29
4.8620662022e-03	15.99542941	533.55009369	6.315146615948e-51	2.145506693547e-32
4.8743752305e-03	16.03592416	534.90085343	2.943499150063e-53	1.000023833645e-34
4.8866842589e-03	16.07641892	536.25161316	5.469833358557e-55	1.858320130484e-36
4.8989932873e-03	16.11691368	537.60237289	1.388993920312e-55	4.718965266458e-37
4.9113023156e-03	16.15740844	538.95313262	1.339914672168e-54	4.552223523453e-36
4.9236113440e-03	16.19790320	540.30389235	5.122682826123e-53	1.740379275536e-34
4.9359203723e-03	16.23839795	541.65465208	2.271801014419e-51	7.718212385653e-33
4.9482294007e-03	16.27889271	543.00541181	1.194382290794e-49	4.057792091607e-31
4.9605384291e-03	16.31938747	544.35617154	8.286551683956e-48	2.815271471204e-29
4.9728474574e-03	16.35988223	545.70693127	8.914461358184e-46	3.028597382846e-27
4.9851564858e-03	16.40037699	547.05769100	1.921577868968e-43	6.528364946635e-25
4.9974655141e-03	16.44087174	548.40845073	1.318095102300e-40	4.478093758861e-22
5.0097745425e-03	16.48136650	549.75921047	9.677193680082e-37	3.287727914810e-18
5.0220835709e-03	16.52186126	551.10997020	2.666883128626e-26	9.060463598619e-08
5.0343925992e-03	16.56235602	552.46072993	4.482929301485e-02	1.523029536439e+17
5.0467016276e-03	16.60285078	553.81148966	1.161714557259e-01	3.946806796686e+17
5.0590106559e-03	16.64334553	555.16224939	2.542988686164e-25	8.639544858707e-07
5.0713196843e-03	16.68384029	556.51300912	2.970168752259e-33	1.009084559152e-14
5.0836287127e-03	16.72433505	557.86376885	3.828863978200e-37	1.300817509630e-18
5.0959377410e-03	16.76482981	559.21452858	3.033107291631e-38	1.030467286382e-19
5.1082467694e-03	16.80532457	560.56528831	8.946693522842e-38	3.039547932252e-19
5.1205557977e-03	16.84581932	561.91604804	1.128956155134e-36	3.835513464476e-18
5.1328648261e-03	16.88631408	563.26680777	4.754191960498e-35	1.615188259905e-16
5.1451738545e-03	16.92680884	564.61756750	8.930042396270e-33	3.033890881721e-14
5.1574828828e-03	16.96730360	565.96832724	2.605896473495e-29	8.853267654078e-11
5.1697919112e-03	17.00779836	567.31908697	8.196242218928e-08	2.784589750970e+11
5.1821009395e-03	17.04829311	568.66984670	1.209863246963e-01	4.110387062241e+17
5.1944099679e-03	17.08878787	570.02060643	4.718863533527e-01	1.603185786938e+18
5.2067189963e-03	17.12928263	571.37136616	4.092188047408e-01	1.390279178126e+18
5.2190280246e-03	17.16977739	572.72212589	3.828480689506e-01	1.300687291204e+18
5.2313370530e-03	17.21027215	574.07288562	5.903206252158e-02	2.005554153788e+17
5.2436460813e-03	17.25076690	575.42364535	7.095111956969e-22	2.410491968104e-03
5.2559551097e-03	17.29126166	576.77440508	3.079972681077e-28	1.046389324755e-09
5.2682641381e-03	17.33175642	578.12516481	1.937326102069e-32	6.581867963407e-14
5.2805731664e-03	17.37225118	579.47592454	1.191611766402e-35	4.048379517380e-17
5.2928821948e-03	17.41274594	580.82668428	2.856411605691e-38	9.704367281130e-20
5.3051912231e-03	17.45324069	582.17744401	1.710610467994e-40	5.811624705378e-22
5.3175002515e-03	17.49373545	583.52820374	1.985734445845e-42	6.746330377206e-24
5.3298092799e-03	17.53423021	584.87896347	3.807804281384e-44	1.293662692295e-25
5.3421183082e-03	17.57472497	586.22972320	1.082969739067e-45	3.679279303206e-27
5.3544273366e-03	17.61521973	587.58048293	4.233198004087e-47	1.438185873617e-28
5.3667363649e-03	17.65571448	588.93124266	2.150922157108e-48	7.307538788916e-30
5.3790453933e-03	17.69620924	590.28200239	1.363477413593e-49	4.632275535734e-31
5.3913544217e-03	17.73670400	591.63276212	1.060631271694e-50	3.603386637228e-32
5.4036634500e-03	17.77719876	592.98352185	1.267909367118e-51	4.307592838925e-33
5.4159724784e-03	17.81769351	594.33428158	7.215289028978e-52	2.451320903374e-33
5.4282815067e-03	17.85818827	595.68504132	1.248002329651e-51	4.239960708222e-33
5.4405905351e-03	17.89868303	597.03580105	2.530339276499e-51	8.596569778703e-33
5.4528995635e-03	17.93917779	598.38656078	5.317014477289e-51	1.806401473230e-32
5.4652085918e-03	17.97967255	599.73732051	1.148747464007e-50	3.902752419078e-32
5.4775176202e-03	18.02016730	601.08808024	2.552642815739e-50	8.672343779909e-32
5.4898266485e-03	18.06066206	602.43883997	5.841341914915e-50	1.984536375782e-31
5.5021356769e-03	18.10115682	603.78959970	1.378718902768e-49	4.684056941668e-31
5.5144447053e-03	18.14165158	605.14035943	3.362483981889e-49	1.142369659616e-30
5.5267537336e-03	18.18214634	606.49111916	8.490629298327e-49	2.884604760558e-30
5.5390627620e-03	18.22264109	607.84187889	2.224778103552e-48	7.558456838948e-30
5.5513717903e-03	18.26313585	609.19263862	6.064310425967e-48	2.060287654732e-29
5.5636808187e-03	18.30363061	610.54339835	1.724360205099e-47	5.858338035706e-29
5.5759898471e-03	18.34412537	611.89415809	5.130645264012e-47	1.743084432649e-28
5.5882988754e-03	18.38462013	613.24491782	1.602963384880e-46	5.445904712785e-28
5.6006079038e-03	18.42511488	614.59567755	5.279419222846e-46	1.793628868735e-27
5.6129169321e-03	18.46560964	615.94643728	1.841160749148e-45	6.255155978830e-27
5.6252259605e-03	18.50610440	617.29719701	6.833545423619e-45	2.321627404502e-26
5.6375349889e-03	18.54659916	618.64795674	2.715103173578e-44	9.224286286355e-26
5.6498440172e-03	18.58709392	619.99871647	1.162667606245e-43	3.950044683476e-25
5.6621530456e-03	18.62758867	621.34947620	5.408816842426e-43	1.837590391059e-24
5.6744620739e-03	18.66808343	622.70023593	2.759405877602e-42	9.374800207579e-24
5.6867711023e-03	18.70857819	624.05099566	1.561405313849e-41	5.304715402398e-23
5.6990801307e-03	18.74907295	625.40175539	9.936493603153e-41	3.375822420673e-22
5.7113891590e-03	18.78956771	626.75251513	7.236755114221e-40	2.458613787036e-21
5.7236981874e-03	18.83006246	628.10327486	6.170194072731e-39	2.096260544466e-20
5.7360072157e-03	18.87055722	629.45403459	6.353077773880e-38	2.158393417829e-19
5.7483162441e-03	18.91105198	630.80479432	8.271723700198e-37	2.810233814862e-18
5.7606252725e-03	18.95154674	632.15555405	1.470727349479e-35	4.996646261102e-17
5.7729343008e-03	18.99204150	633.50631378	4.139005812959e-34	1.406185036766e-15
5.7852433292e-03	19.03253625	634.85707351	2.477889216063e-32	8.418376044516e-14
5.7975523575e-03	19.07303101	636.20783324	5.043902519283e-30	1.713614469281e-11
5.8098613859e-03	19.11352577	637.55859297	6.206188221674e-27	2.108489189687e-08
5.8221704143e-03	19.15402053	638.90935270	1.783619813261e-22	6.059666514204e-04
5.8344794426e-03	19.19451529	640.26011243	1.951177445346e-09	6.628926490345e+09
5.8467884710e-03	19.23501004	641.61087216	1.675989488101e-01	5.694003455048e+17
5.8590974993e-03	19.27550480	642.96163190	2.678826618994e-01	9.101040389765e+17
5.8714065277e-03	19.31599956	644.31239163	1.128972168574e-01	3.835567868506e+17
5.8837155561e-03	19.35649432	645.66315136	5.755852571616e-02	1.955492242775e+17
5.8960245844e-03	19.39698908	647.01391109	4.148595277805e-01	1.409442959704e+18
5.9083336128e-03	19.43748383	648.36467082	3.691947256972e-01	1.254301449162e+18
5.9206426411e-03	19.47797859	649.71543055	5.212039181296e-01	1.770737186411e+18
5.9329516695e-03	19.51847335	651.06619028	2.939642442078e-01	9.987135564179e+17
5.9452606979e-03	19.55896811	652.41695001	2.162084562679e-01	7.345461924081e+17
5.9575697262e-03	19.59946287	653.76770974	4.199830455507e-01	1.426849589097e+18
5.9698787546e-03	19.63995762	655.11846947	3.383036461034e-01	1.149352154918e+18
5.9821877829e-03	19.68045238	656.46922920	1.515655717114e-01	5.149285810670e+17
5.9944968113e-03	19.72094714	657.81998894	1.205861652712e-01	4.096792053651e+17
6.0068058397e-03	19.76144190	659.17074867	3.079122753773e-02	1.046100570617e+17
6.0191148680e-03	19.80193666	660.52150840	2.604055596075e-14	8.847013460682e+04
6.0314238964e-03	19.84243141	661.87226813	8.523756357838e-21	2.895859341369e-02
6.0437329247e-03	19.88292617	663.22302786	1.082113559484e-24	3.676370520343e-06
6.0560419531e-03	19.92342093	664.57378759	1.165904252392e-27	3.961040858852e-09
6.0683509815e-03	19.96391569	665.92454732	4.178822858248e-30	1.419712472055e-11
6.0806600098e-03	20.00441045	667.27530705	3.317313373240e-32	1.127023405744e-13
6.0929690382e-03	20.04490520	668.62606678	4.676703710126e-34	1.588862416665e-15
6.1052780665e-03	20.08539996	669.97682651	1.022075131286e-35	3.472396080156e-17
6.1175870949e-03	20.12589472	671.32758624	3.162432520294e-37	1.074404214630e-18
6.1298961233e-03	20.16638948	672.67834597	1.299353614510e-38	4.414421464381e-20
6.1422051516e-03	20.20688424	674.02910571	6.762336539110e-40	2.297434911810e-21
