# meta_json: {"summary": {"has_transmission_per_m2": true, "n_temperature_points": 401, "temperature_max_k": 400.0, "temperature_min_k": 0.0, "transmission_metadata": {"atom_symbols": ["N", "N", "N", "N", "N", "N", "N", "N", "N", "N", "N", "N", "N", "N", "N", "N", "N", "N", "N", "N", "N", "N", "N", "N", "N", "N", "Ta", "Ta", "Ta", "Ta", "Ta", "Ta", "Ta", "Ta", "Ta", "Ta", "Ta", "Ta", "Ta", "Ta", "Ta", "Ta", "Ta", "Ta", "Ta", "Ta", "Ta", "Ta", "Ta", "Ta", "Ta", "Ta", "Ta"], "lattice_vectors_override_angstrom": null, "lattice_vectors_raw": [[4.4099132673, -7.6381938357, 0.0], [4.4099132673, 7.6381938357, 0.0], [0.0, 0.0, 8.67052524]], "source_format": "phonopy_force_constants", "thickness_angstrom": null, "thickness_direction": null, "transport_direction": 3, "transverse_area_m2": 6.736754466852503e-19}, "transmission_path": "/home/zhouhb/Desktop/workspace/TaN/phonon_hybrid/N3.7%/z/transmission.tsv"}}
# temperature_K	conductance_W_per_K	conductance_per_area_W_per_m2K
0.00000000	0.000000000000e+00	0.000000000000e+00
1.00000000	6.309099768077e-16	9.365191798397e+02
2.00000000	1.464893731777e-15	2.174479920538e+03
3.00000000	2.271137967091e-15	3.371264276094e+03
4.00000000	3.456986245389e-15	5.131530713192e+03
5.00000000	5.850247166256e-15	8.684073607019e+03
6.00000000	1.016002745480e-14	1.508148694566e+04
7.00000000	1.676158437817e-14	2.488080048136e+04
8.00000000	2.577955114869e-14	3.826701904535e+04
9.00000000	3.723680230854e-14	5.527409747789e+04
10.00000000	5.119681224310e-14	7.599625679548e+04
11.00000000	6.787116424499e-14	1.007475700338e+05
12.00000000	8.767654195458e-14	1.301465600179e+05
13.00000000	1.112415227972e-13	1.651262835012e+05
14.00000000	1.393756258541e-13	2.068883860024e+05
15.00000000	1.730171225935e-13	2.568256323498e+05
16.00000000	2.131741141405e-13	3.164344421181e+05
17.00000000	2.608688490428e-13	3.872322352350e+05
18.00000000	3.170907034698e-13	4.706876360568e+05
19.00000000	3.827597879333e-13	5.681664513924e+05
20.00000000	4.587009748862e-13	6.808931172171e+05
21.00000000	5.456270301314e-13	8.099256590337e+05
22.00000000	6.441291385084e-13	9.561416282540e+05
23.00000000	7.546731388678e-13	1.120232513417e+06
24.00000000	8.776000065185e-13	1.302704456332e+06
25.00000000	1.013129406376e-12	1.503883526349e+06
26.00000000	1.161365412955e-12	1.723924211087e+06
27.00000000	1.322303721876e-12	1.962820121146e+06
28.00000000	1.495839853958e-12	2.220416168228e+06
29.00000000	1.681777982050e-12	2.496421667622e+06
30.00000000	1.879840101969e-12	2.790423951502e+06
31.00000000	2.089675332663e-12	3.101902174029e+06
32.00000000	2.310869175589e-12	3.430241055926e+06
33.00000000	2.542952596234e-12	3.774744365029e+06
34.00000000	2.785410816244e-12	4.134647967281e+06
35.00000000	3.037691725853e-12	4.509132314084e+06
36.00000000	3.299213844887e-12	4.897334259576e+06
37.00000000	3.569373777493e-12	5.298358126388e+06
38.00000000	3.847553121170e-12	5.711285961365e+06
39.00000000	4.133124804775e-12	6.135186943671e+06
40.00000000	4.425458842860e-12	6.569125926491e+06
41.00000000	4.723927504835e-12	7.012171110108e+06
42.00000000	5.027909907013e-12	7.463400858309e+06
43.00000000	5.336796043567e-12	7.921909681919e+06
44.00000000	5.649990278829e-12	8.386813422739e+06
45.00000000	5.966914328274e-12	8.857253678509e+06
46.00000000	6.287009759150e-12	9.332401514832e+06
47.00000000	6.609740044103e-12	9.811460513555e+06
48.00000000	6.934592202507e-12	1.029366920915e+07
49.00000000	7.261078064720e-12	1.077830296539e+07
50.00000000	7.588735194283e-12	1.126467534422e+07
51.00000000	7.917127502287e-12	1.175213901775e+07
52.00000000	8.245845586947e-12	1.224008627228e+07
53.00000000	8.574506829865e-12	1.272794915126e+07
54.00000000	8.902755278743e-12	1.321519928112e+07
55.00000000	9.230261344357e-12	1.370134742148e+07
56.00000000	9.556721337676e-12	1.418594277808e+07
57.00000000	9.881856870975e-12	1.466857211376e+07
58.00000000	1.020541414480e-11	1.514885869006e+07
59.00000000	1.052716314073e-11	1.562646106894e+07
60.00000000	1.084689673799e-11	1.610107180150e+07
61.00000000	1.116442977018e-11	1.657241602779e+07
62.00000000	1.147959803669e-11	1.704025000937e+07
63.00000000	1.179225728189e-11	1.750435961399e+07
64.00000000	1.210228215349e-11	1.796455876942e+07
65.00000000	1.240956515032e-11	1.842068790154e+07
66.00000000	1.271401556842e-11	1.887261236992e+07
67.00000000	1.301555845317e-11	1.932022091233e+07
68.00000000	1.331413356403e-11	1.976342410807e+07
69.00000000	1.360969435778e-11	2.020215286864e+07
70.00000000	1.390220699490e-11	2.063635696285e+07
71.00000000	1.419164937323e-11	2.106600358238e+07
72.00000000	1.447801019215e-11	2.149107595265e+07
73.00000000	1.476128804994e-11	2.191157199297e+07
74.00000000	1.504149057650e-11	2.232750302910e+07
75.00000000	1.531863360280e-11	2.273889256047e+07
76.00000000	1.559274036840e-11	2.314577508372e+07
77.00000000	1.586384076754e-11	2.354819497370e+07
78.00000000	1.613197063424e-11	2.394620542223e+07
79.00000000	1.639717106654e-11	2.433986743502e+07
80.00000000	1.665948778942e-11	2.472924888594e+07
81.00000000	1.691897055614e-11	2.511442362845e+07
82.00000000	1.717567258724e-11	2.549547066284e+07
83.00000000	1.742965004641e-11	2.587247335816e+07
84.00000000	1.768096155222e-11	2.624551872748e+07
85.00000000	1.792966772467e-11	2.661469675479e+07
86.00000000	1.817583076531e-11	2.698009977170e+07
87.00000000	1.841951406978e-11	2.734182188235e+07
88.00000000	1.866078187138e-11	2.769995843429e+07
89.00000000	1.889969891436e-11	2.805460553350e+07
90.00000000	1.913633015555e-11	2.840585960154e+07
91.00000000	1.937074049295e-11	2.875381697265e+07
92.00000000	1.960299451994e-11	2.909857352884e+07
93.00000000	1.983315630361e-11	2.944022437094e+07
94.00000000	2.006128918600e-11	2.977886352354e+07
95.00000000	2.028745560683e-11	3.011458367179e+07
96.00000000	2.051171694639e-11	3.044747592823e+07
97.00000000	2.073413338738e-11	3.077762962774e+07
98.00000000	2.095476379442e-11	3.110513214861e+07
99.00000000	2.117366560999e-11	3.143006875814e+07
100.00000000	2.139089476579e-11	3.175252248103e+07
101.00000000	2.160650560818e-11	3.207257398870e+07
102.00000000	2.182055083687e-11	3.239030150830e+07
103.00000000	2.203308145567e-11	3.270578074959e+07
104.00000000	2.224414673442e-11	3.301908484845e+07
105.00000000	2.245379418111e-11	3.333028432547e+07
106.00000000	2.266206952343e-11	3.363944705858e+07
107.00000000	2.286901669878e-11	3.394663826818e+07
108.00000000	2.307467785198e-11	3.425192051383e+07
109.00000000	2.327909334012e-11	3.455535370134e+07
110.00000000	2.348230174357e-11	3.485699509922e+07
111.00000000	2.368433988275e-11	3.515689936347e+07
112.00000000	2.388524283987e-11	3.545511856992e+07
113.00000000	2.408504398520e-11	3.575170225322e+07
114.00000000	2.428377500726e-11	3.604669745164e+07
115.00000000	2.448146594650e-11	3.634014875703e+07
116.00000000	2.467814523187e-11	3.663209836918e+07
117.00000000	2.487383972011e-11	3.692258615406e+07
118.00000000	2.506857473704e-11	3.721164970519e+07
119.00000000	2.526237412082e-11	3.749932440780e+07
120.00000000	2.545526026658e-11	3.778564350509e+07
121.00000000	2.564725417228e-11	3.807063816630e+07
122.00000000	2.583837548538e-11	3.835433755604e+07
123.00000000	2.602864255029e-11	3.863676890462e+07
124.00000000	2.621807245606e-11	3.891795757893e+07
125.00000000	2.640668108435e-11	3.919792715362e+07
126.00000000	2.659448315740e-11	3.947669948230e+07
127.00000000	2.678149228581e-11	3.975429476847e+07
128.00000000	2.696772101596e-11	4.003073163592e+07
129.00000000	2.715318087706e-11	4.030602719850e+07
130.00000000	2.733788242748e-11	4.058019712904e+07
131.00000000	2.752183530051e-11	4.085325572712e+07
132.00000000	2.770504824927e-11	4.112521598581e+07
133.00000000	2.788752919071e-11	4.139608965702e+07
134.00000000	2.806928524879e-11	4.166588731548e+07
135.00000000	2.825032279649e-11	4.193461842122e+07
136.00000000	2.843064749692e-11	4.220229138052e+07
137.00000000	2.861026434319e-11	4.246891360516e+07
138.00000000	2.878917769731e-11	4.273449157003e+07
139.00000000	2.896739132773e-11	4.299903086903e+07
140.00000000	2.914490844590e-11	4.326253626921e+07
141.00000000	2.932173174148e-11	4.352501176309e+07
142.00000000	2.949786341646e-11	4.378646061928e+07
143.00000000	2.967330521797e-11	4.404688543122e+07
144.00000000	2.984805846998e-11	4.430628816420e+07
145.00000000	3.002212410376e-11	4.456467020058e+07
146.00000000	3.019550268710e-11	4.482203238321e+07
147.00000000	3.036819445245e-11	4.507837505712e+07
148.00000000	3.054019932382e-11	4.533369810951e+07
149.00000000	3.071151694253e-11	4.558800100797e+07
150.00000000	3.088214669192e-11	4.584128283712e+07
151.00000000	3.105208772082e-11	4.609354233350e+07
152.00000000	3.122133896604e-11	4.634477791890e+07
153.00000000	3.138989917377e-11	4.659498773218e+07
154.00000000	3.155776691992e-11	4.684416965944e+07
155.00000000	3.172494062951e-11	4.709232136277e+07
156.00000000	3.189141859500e-11	4.733944030752e+07
157.00000000	3.205719899375e-11	4.758552378818e+07
158.00000000	3.222227990454e-11	4.783056895287e+07
159.00000000	3.238665932309e-11	4.807457282649e+07
160.00000000	3.255033517691e-11	4.831753233262e+07
161.00000000	3.271330533911e-11	4.855944431414e+07
162.00000000	3.287556764157e-11	4.880030555267e+07
163.00000000	3.303711988720e-11	4.904011278689e+07
164.00000000	3.319795986154e-11	4.927886272966e+07
165.00000000	3.335808534358e-11	4.951655208412e+07
166.00000000	3.351749411593e-11	4.975317755879e+07
167.00000000	3.367618397427e-11	4.998873588161e+07
168.00000000	3.383415273624e-11	5.022322381307e+07
169.00000000	3.399139824963e-11	5.045663815845e+07
170.00000000	3.414791840002e-11	5.068897577912e+07
171.00000000	3.430371111786e-11	5.092023360307e+07
172.00000000	3.445877438505e-11	5.115040863460e+07
173.00000000	3.461310624089e-11	5.137949796331e+07
174.00000000	3.476670478770e-11	5.160749877225e+07
175.00000000	3.491956819582e-11	5.183440834551e+07
176.00000000	3.507169470828e-11	5.206022407503e+07
177.00000000	3.522308264498e-11	5.228494346690e+07
178.00000000	3.537373040649e-11	5.250856414694e+07
179.00000000	3.552363647749e-11	5.273108386579e+07
180.00000000	3.567279942978e-11	5.295250050347e+07
181.00000000	3.582121792504e-11	5.317281207337e+07
182.00000000	3.596889071718e-11	5.339201672579e+07
183.00000000	3.611581665442e-11	5.361011275107e+07
184.00000000	3.626199468112e-11	5.382709858217e+07
185.00000000	3.640742383920e-11	5.404297279697e+07
186.00000000	3.655210326948e-11	5.425773412009e+07
187.00000000	3.669603221265e-11	5.447138142441e+07
188.00000000	3.683921001004e-11	5.468391373220e+07
189.00000000	3.698163610419e-11	5.489533021599e+07
190.00000000	3.712331003921e-11	5.510563019904e+07
191.00000000	3.726423146095e-11	5.531481315566e+07
192.00000000	3.740440011698e-11	5.552287871115e+07
193.00000000	3.754381585643e-11	5.572982664154e+07
194.00000000	3.768247862964e-11	5.593565687313e+07
195.00000000	3.782038848769e-11	5.614036948175e+07
196.00000000	3.795754558181e-11	5.634396469187e+07
197.00000000	3.809395016262e-11	5.654644287552e+07
198.00000000	3.822960257929e-11	5.674780455098e+07
199.00000000	3.836450327857e-11	5.694805038145e+07
200.00000000	3.849865280377e-11	5.714718117337e+07
201.00000000	3.863205179357e-11	5.734519787482e+07
202.00000000	3.876470098082e-11	5.754210157362e+07
203.00000000	3.889660119122e-11	5.773789349547e+07
204.00000000	3.902775334197e-11	5.793257500181e+07
205.00000000	3.915815844030e-11	5.812614758779e+07
206.00000000	3.928781758199e-11	5.831861287999e+07
207.00000000	3.941673194986e-11	5.850997263416e+07
208.00000000	3.954490281213e-11	5.870022873285e+07
209.00000000	3.967233152081e-11	5.888938318298e+07
210.00000000	3.979901951007e-11	5.907743811341e+07
211.00000000	3.992496829448e-11	5.926439577237e+07
212.00000000	4.005017946736e-11	5.945025852497e+07
213.00000000	4.017465469899e-11	5.963502885057e+07
214.00000000	4.029839573487e-11	5.981870934017e+07
215.00000000	4.042140439393e-11	6.000130269379e+07
216.00000000	4.054368256677e-11	6.018281171781e+07
217.00000000	4.066523221383e-11	6.036323932231e+07
218.00000000	4.078605536362e-11	6.054258851841e+07
219.00000000	4.090615411092e-11	6.072086241557e+07
220.00000000	4.102553061495e-11	6.089806421893e+07
221.00000000	4.114418709760e-11	6.107419722664e+07
222.00000000	4.126212584161e-11	6.124926482720e+07
223.00000000	4.137934918882e-11	6.142327049682e+07
224.00000000	4.149585953835e-11	6.159621779675e+07
225.00000000	4.161165934488e-11	6.176811037069e+07
226.00000000	4.172675111685e-11	6.193895194216e+07
227.00000000	4.184113741476e-11	6.210874631195e+07
228.00000000	4.195482084942e-11	6.227749735552e+07
229.00000000	4.206780408025e-11	6.244520902052e+07
230.00000000	4.218008981361e-11	6.261188532423e+07
231.00000000	4.229168080109e-11	6.277753035112e+07
232.00000000	4.240257983789e-11	6.294214825036e+07
233.00000000	4.251278976121e-11	6.310574323347e+07
234.00000000	4.262231344860e-11	6.326831957186e+07
235.00000000	4.273115381639e-11	6.342988159453e+07
236.00000000	4.283931381815e-11	6.359043368574e+07
237.00000000	4.294679644314e-11	6.374998028273e+07
238.00000000	4.305360471480e-11	6.390852587346e+07
239.00000000	4.315974168924e-11	6.406607499443e+07
240.00000000	4.326521045384e-11	6.422263222850e+07
241.00000000	4.337001412573e-11	6.437820220274e+07
242.00000000	4.347415585045e-11	6.453278958638e+07
243.00000000	4.357763880053e-11	6.468639908868e+07
244.00000000	4.368046617414e-11	6.483903545701e+07
245.00000000	4.378264119378e-11	6.499070347481e+07
246.00000000	4.388416710492e-11	6.514140795965e+07
247.00000000	4.398504717479e-11	6.529115376137e+07
248.00000000	4.408528469106e-11	6.543994576020e+07
249.00000000	4.418488296068e-11	6.558778886493e+07
250.00000000	4.428384530864e-11	6.573468801117e+07
251.00000000	4.438217507679e-11	6.588064815954e+07
252.00000000	4.447987562273e-11	6.602567429405e+07
253.00000000	4.457695031868e-11	6.616977142037e+07
254.00000000	4.467340255033e-11	6.631294456425e+07
255.00000000	4.476923571587e-11	6.645519876991e+07
256.00000000	4.486445322487e-11	6.659653909849e+07
257.00000000	4.495905849727e-11	6.673697062657e+07
258.00000000	4.505305496244e-11	6.687649844464e+07
259.00000000	4.514644605814e-11	6.701512765572e+07
260.00000000	4.523923522962e-11	6.715286337393e+07
261.00000000	4.533142592872e-11	6.728971072312e+07
262.00000000	4.542302161291e-11	6.742567483557e+07
263.00000000	4.551402574447e-11	6.756076085067e+07
264.00000000	4.560444178963e-11	6.769497391367e+07
265.00000000	4.569427321775e-11	6.782831917444e+07
266.00000000	4.578352350049e-11	6.796080178632e+07
267.00000000	4.587219611105e-11	6.809242690492e+07
268.00000000	4.596029452343e-11	6.822319968699e+07
269.00000000	4.604782221166e-11	6.835312528939e+07
270.00000000	4.613478264910e-11	6.848220886794e+07
271.00000000	4.622117930775e-11	6.861045557646e+07
272.00000000	4.630701565756e-11	6.873787056572e+07
273.00000000	4.639229516579e-11	6.886445898252e+07
274.00000000	4.647702129637e-11	6.899022596869e+07
275.00000000	4.656119750931e-11	6.911517666023e+07
276.00000000	4.664482726005e-11	6.923931618640e+07
277.00000000	4.672791399895e-11	6.936264966887e+07
278.00000000	4.681046117066e-11	6.948518222088e+07
279.00000000	4.689247221366e-11	6.960691894648e+07
280.00000000	4.697395055966e-11	6.972786493970e+07
281.00000000	4.705489963316e-11	6.984802528382e+07
282.00000000	4.713532285092e-11	6.996740505067e+07
283.00000000	4.721522362150e-11	7.008600929990e+07
284.00000000	4.729460534480e-11	7.020384307831e+07
285.00000000	4.737347141165e-11	7.032091141922e+07
286.00000000	4.745182520335e-11	7.043721934180e+07
287.00000000	4.752967009127e-11	7.055277185050e+07
288.00000000	4.760700943645e-11	7.066757393445e+07
289.00000000	4.768384658927e-11	7.078163056691e+07
290.00000000	4.776018488902e-11	7.089494670471e+07
291.00000000	4.783602766357e-11	7.100752728772e+07
292.00000000	4.791137822905e-11	7.111937723840e+07
293.00000000	4.798623988952e-11	7.123050146126e+07
294.00000000	4.806061593665e-11	7.134090484242e+07
295.00000000	4.813450964940e-11	7.145059224920e+07
296.00000000	4.820792429380e-11	7.155956852962e+07
297.00000000	4.828086312259e-11	7.166783851207e+07
298.00000000	4.835332937503e-11	7.177540700489e+07
299.00000000	4.842532627662e-11	7.188227879595e+07
300.00000000	4.849685703883e-11	7.198845865239e+07
301.00000000	4.856792485894e-11	7.209395132020e+07
302.00000000	4.863853291975e-11	7.219876152392e+07
303.00000000	4.870868438942e-11	7.230289396635e+07
304.00000000	4.877838242124e-11	7.240635332822e+07
305.00000000	4.884763015347e-11	7.250914426795e+07
306.00000000	4.891643070915e-11	7.261127142133e+07
307.00000000	4.898478719590e-11	7.271273940133e+07
308.00000000	4.905270270582e-11	7.281355279783e+07
309.00000000	4.912018031528e-11	7.291371617739e+07
310.00000000	4.918722308482e-11	7.301323408303e+07
311.00000000	4.925383405898e-11	7.311211103407e+07
312.00000000	4.932001626618e-11	7.321035152589e+07
313.00000000	4.938577271865e-11	7.330796002979e+07
314.00000000	4.945110641223e-11	7.340494099280e+07
315.00000000	4.951602032634e-11	7.350129883757e+07
316.00000000	4.958051742385e-11	7.359703796214e+07
317.00000000	4.964460065100e-11	7.369216273990e+07
318.00000000	4.970827293730e-11	7.378667751940e+07
319.00000000	4.977153719548e-11	7.388058662429e+07
320.00000000	4.983439632140e-11	7.397389435315e+07
321.00000000	4.989685319399e-11	7.406660497946e+07
322.00000000	4.995891067520e-11	7.415872275147e+07
323.00000000	5.002057160993e-11	7.425025189214e+07
324.00000000	5.008183882601e-11	7.434119659909e+07
325.00000000	5.014271513412e-11	7.443156104449e+07
326.00000000	5.020320332781e-11	7.452134937503e+07
327.00000000	5.026330618341e-11	7.461056571192e+07
328.00000000	5.032302646005e-11	7.469921415076e+07
329.00000000	5.038236689960e-11	7.478729876160e+07
330.00000000	5.044133022670e-11	7.487482358885e+07
331.00000000	5.049991914870e-11	7.496179265131e+07
332.00000000	5.055813635569e-11	7.504820994213e+07
333.00000000	5.061598452048e-11	7.513407942879e+07
334.00000000	5.067346629859e-11	7.521940505317e+07
335.00000000	5.073058432830e-11	7.530419073149e+07
336.00000000	5.078734123061e-11	7.538844035433e+07
337.00000000	5.084373960925e-11	7.547215778670e+07
338.00000000	5.089978205076e-11	7.555534686800e+07
339.00000000	5.095547112443e-11	7.563801141209e+07
340.00000000	5.101080938237e-11	7.572015520733e+07
341.00000000	5.106579935955e-11	7.580178201657e+07
342.00000000	5.112044357377e-11	7.588289557724e+07
343.00000000	5.117474452574e-11	7.596349960139e+07
344.00000000	5.122870469911e-11	7.604359777572e+07
345.00000000	5.128232656050e-11	7.612319376166e+07
346.00000000	5.133561255953e-11	7.620229119544e+07
347.00000000	5.138856512888e-11	7.628089368810e+07
348.00000000	5.144118668434e-11	7.635900482562e+07
349.00000000	5.149347962484e-11	7.643662816897e+07
350.00000000	5.154544633251e-11	7.651376725415e+07
351.00000000	5.159708917273e-11	7.659042559233e+07
352.00000000	5.164841049418e-11	7.666660666989e+07
353.00000000	5.169941262893e-11	7.674231394852e+07
354.00000000	5.175009789243e-11	7.681755086527e+07
355.00000000	5.180046858365e-11	7.689232083272e+07
356.00000000	5.185052698508e-11	7.696662723899e+07
357.00000000	5.190027536284e-11	7.704047344788e+07
358.00000000	5.194971596671e-11	7.711386279895e+07
359.00000000	5.199885103020e-11	7.718679860764e+07
360.00000000	5.204768277067e-11	7.725928416534e+07
361.00000000	5.209621338931e-11	7.733132273953e+07
362.00000000	5.214444507131e-11	7.740291757386e+07
363.00000000	5.219237998586e-11	7.747407188827e+07
364.00000000	5.224002028624e-11	7.754478887910e+07
365.00000000	5.228736810993e-11	7.761507171919e+07
366.00000000	5.233442557865e-11	7.768492355800e+07
367.00000000	5.238119479844e-11	7.775434752175e+07
368.00000000	5.242767785976e-11	7.782334671350e+07
369.00000000	5.247387683755e-11	7.789192421327e+07
370.00000000	5.251979379131e-11	7.796008307818e+07
371.00000000	5.256543076521e-11	7.802782634258e+07
372.00000000	5.261078978814e-11	7.809515701812e+07
373.00000000	5.265587287378e-11	7.816207809393e+07
374.00000000	5.270068202073e-11	7.822859253672e+07
375.00000000	5.274521921258e-11	7.829470329089e+07
376.00000000	5.278948641796e-11	7.836041327868e+07
377.00000000	5.283348559065e-11	7.842572540029e+07
378.00000000	5.287721866970e-11	7.849064253399e+07
379.00000000	5.292068757944e-11	7.855516753629e+07
380.00000000	5.296389422964e-11	7.861930324201e+07
381.00000000	5.300684051555e-11	7.868305246446e+07
382.00000000	5.304952831801e-11	7.874641799555e+07
383.00000000	5.309195950353e-11	7.880940260591e+07
384.00000000	5.313413592439e-11	7.887200904505e+07
385.00000000	5.317605941870e-11	7.893424004147e+07
386.00000000	5.321773181051e-11	7.899609830278e+07
387.00000000	5.325915490993e-11	7.905758651586e+07
388.00000000	5.330033051314e-11	7.911870734698e+07
389.00000000	5.334126040254e-11	7.917946344194e+07
390.00000000	5.338194634685e-11	7.923985742618e+07
391.00000000	5.342239010115e-11	7.929989190493e+07
392.00000000	5.346259340698e-11	7.935956946337e+07
393.00000000	5.350255799248e-11	7.941889266670e+07
394.00000000	5.354228557242e-11	7.947786406032e+07
395.00000000	5.358177784832e-11	7.953648616996e+07
396.00000000	5.362103650853e-11	7.959476150180e+07
397.00000000	5.366006322832e-11	7.965269254260e+07
398.00000000	5.369885966998e-11	7.971028175985e+07
399.00000000	5.373742748289e-11	7.976753160191e+07
400.00000000	5.377576830365e-11	7.982444449808e+07
