# meta_json: {"atom_symbols": ["N", "N", "N", "N", "N", "N", "N", "N", "N", "N", "N", "N", "N", "N", "N", "N", "N", "N", "N", "N", "N", "N", "N", "N", "N", "N", "Ta", "Ta", "Ta", "Ta", "Ta", "Ta", "Ta", "Ta", "Ta", "Ta", "Ta", "Ta", "Ta", "Ta", "Ta", "Ta", "Ta", "Ta", "Ta", "Ta", "Ta", "Ta", "Ta", "Ta", "Ta", "Ta", "Ta"], "lattice_vectors_override_angstrom": null, "lattice_vectors_raw": [[4.4099132673, -7.6381938357, 0.0], [4.4099132673, 7.6381938357, 0.0], [0.0, 0.0, 8.67052524]], "source_format": "phonopy_force_constants", "thickness_angstrom": null, "thickness_direction": null, "transport_direction": 3, "transverse_area_m2": 6.736754466852503e-19}
# omega_qe	freq_thz	freq_cm^-1	transmission	transmission_per_m2
0.0000000000e+00	0.00000000	0.00000000	0.000000000000e+00	0.000000000000e+00
1.1488294761e-05	0.03779467	1.26069463	9.268713638670e-04	1.375842578838e+15
2.2976589522e-05	0.07558935	2.52138926	9.184528661826e-04	1.363346208774e+15
3.4464884283e-05	0.11338402	3.78208389	9.043011744882e-04	1.342339518143e+15
4.5953179045e-05	0.15117870	5.04277852	8.842211930636e-04	1.312532907967e+15
5.7441473806e-05	0.18897337	6.30347314	8.579308574348e-04	1.273507683345e+15
6.8929768567e-05	0.22676804	7.56416777	8.250509435803e-04	1.224700926299e+15
8.0418063328e-05	0.26456272	8.82486240	7.850895880038e-04	1.165382517452e+15
9.1906358089e-05	0.30235739	10.08555703	7.374183967032e-04	1.094619672324e+15
1.0339465285e-04	0.34015207	11.34625166	6.812334979177e-04	1.011219128246e+15
1.1488294761e-04	0.37794674	12.60694629	6.154857255566e-04	9.136235090428e+14
1.2637124237e-04	0.41574142	13.86764092	5.387346964981e-04	7.996947182043e+14
1.3785953713e-04	0.45353609	15.12833555	4.487671236073e-04	6.661473649001e+14
1.4934783189e-04	0.49133076	16.38903018	3.410691788659e-04	5.062811485027e+14
1.6083612666e-04	0.52912544	17.64972480	1.793414836816e-04	2.662134779649e+14
1.7232442142e-04	0.56692011	18.91041943	8.624542045505e-05	1.280222114067e+14
1.8381271618e-04	0.60471479	20.17111406	3.181288425954e-05	4.722286438681e+13
1.9530101094e-04	0.64250946	21.43180869	8.293043058180e-03	1.231014593004e+16
2.0678930570e-04	0.68030413	22.69250332	1.388277909368e-02	2.060751829681e+16
2.1827760046e-04	0.71809881	23.95319795	1.575243851814e-02	2.338283010854e+16
2.2976589522e-04	0.75589348	25.21389258	1.631326444199e-02	2.421531691894e+16
2.4125418998e-04	0.79368816	26.47458721	1.630594187049e-02	2.420444733547e+16
2.5274248475e-04	0.83148283	27.73528183	1.602506657493e-02	2.378751764485e+16
2.6423077951e-04	0.86927751	28.99597646	1.560765797372e-02	2.316791869218e+16
2.7571907427e-04	0.90707218	30.25667109	1.512340863820e-02	2.244910173380e+16
2.8720736903e-04	0.94486685	31.51736572	1.460977852763e-02	2.168667212010e+16
2.9869566379e-04	0.98266153	32.77806035	1.408746576108e-02	2.091135402128e+16
3.1018395855e-04	1.02045620	34.03875498	1.356781284421e-02	2.013998418819e+16
3.2167225331e-04	1.05825088	35.29944961	1.647776966214e-02	2.445950753173e+16
3.3316054807e-04	1.09604555	36.56014424	1.958240925114e-02	2.906801687295e+16
3.4464884283e-04	1.13384022	37.82083887	2.837185785597e-02	4.211502437200e+16
3.5613713760e-04	1.17163490	39.08153349	2.799974889723e-02	4.156266795087e+16
3.6762543236e-04	1.20942957	40.34222812	2.962771231325e-02	4.397920758287e+16
3.7911372712e-04	1.24722425	41.60292275	3.360357780673e-02	4.988095969962e+16
3.9060202188e-04	1.28501892	42.86361738	3.748887746731e-02	5.564827640932e+16
4.0209031664e-04	1.32281360	44.12431201	3.896462470117e-02	5.783886720660e+16
4.1357861140e-04	1.36060827	45.38500664	3.657591748831e-02	5.429308381102e+16
4.2506690616e-04	1.39840294	46.64570127	4.187105268156e-02	6.215315236377e+16
4.3655520092e-04	1.43619762	47.90639590	3.052956880249e-02	4.531791822414e+16
4.4804349568e-04	1.47399229	49.16709053	2.471584698075e-02	3.668806263070e+16
4.5953179045e-04	1.51178697	50.42778515	2.130051424301e-02	3.161836214725e+16
4.7102008521e-04	1.54958164	51.68847978	3.052392116280e-02	4.530953489991e+16
4.8250837997e-04	1.58737631	52.94917441	1.618985160974e-02	2.403212361294e+16
4.9399667473e-04	1.62517099	54.20986904	1.436266766601e-02	2.131986216313e+16
5.0548496949e-04	1.66296566	55.47056367	1.279148025994e-02	1.898760051725e+16
5.1697326425e-04	1.70076034	56.73125830	1.133646215793e-02	1.682777992534e+16
5.2846155901e-04	1.73855501	57.99195293	1.048981515401e-02	1.557102192996e+16
5.3994985377e-04	1.77634969	59.25264756	3.612210840381e-02	5.361945218807e+16
5.5143814853e-04	1.81414436	60.51334218	2.984907966513e-02	4.430780402046e+16
5.6292644330e-04	1.85193903	61.77403681	2.579698165761e-02	3.829289279361e+16
5.7441473806e-04	1.88973371	63.03473144	2.308658063138e-02	3.426958893184e+16
5.8590303282e-04	1.92752838	64.29542607	2.235116313942e-02	3.317793939113e+16
5.9739132758e-04	1.96532306	65.55612070	2.510706580681e-02	3.726878563015e+16
6.0887962234e-04	2.00311773	66.81681533	5.538481482835e-02	8.221290400424e+16
6.2036791710e-04	2.04091240	68.07750996	7.886380302322e-02	1.170649804906e+17
6.3185621186e-04	2.07870708	69.33820459	6.967057711081e-02	1.034186082536e+17
6.4334450662e-04	2.11650175	70.59889922	8.259059204627e-02	1.225970049119e+17
6.5483280139e-04	2.15429643	71.85959384	5.310361162671e-02	7.882669895125e+16
6.6632109615e-04	2.19209110	73.12028847	5.593349833993e-02	8.302736668694e+16
6.7780939091e-04	2.22988578	74.38098310	4.926554851208e-02	7.312949990160e+16
6.8929768567e-04	2.26768045	75.64167773	3.372414259021e-02	5.005992537823e+16
7.0078598043e-04	2.30547512	76.90237236	6.235405998361e-02	9.255801185930e+16
7.1227427519e-04	2.34326980	78.16306699	4.720747497917e-02	7.007450725932e+16
7.2376256995e-04	2.38106447	79.42376162	8.435696876152e-02	1.252190044577e+17
7.3525086471e-04	2.41885915	80.68445625	5.416942354352e-02	8.040878409633e+16
7.4673915947e-04	2.45665382	81.94515088	5.513285019087e-02	8.183888912999e+16
7.5822745424e-04	2.49444849	83.20584550	5.949563116225e-02	8.831497638068e+16
7.6971574900e-04	2.53224317	84.46654013	9.672903703544e-02	1.435840322093e+17
7.8120404376e-04	2.57003784	85.72723476	1.087066317394e-01	1.613635056380e+17
7.9269233852e-04	2.60783252	86.98792939	1.014332492649e-01	1.505669380768e+17
8.0418063328e-04	2.64562719	88.24862402	1.708869632192e-01	2.536636358948e+17
8.1566892804e-04	2.68342187	89.50931865	2.025141978742e-01	3.006109230649e+17
8.2715722280e-04	2.72121654	90.77001328	2.878579693300e-01	4.272947318272e+17
8.3864551756e-04	2.75901121	92.03070791	3.390511424561e-01	5.032855867382e+17
8.5013381232e-04	2.79680589	93.29140253	2.921504548999e-01	4.336664729840e+17
8.6162210709e-04	2.83460056	94.55209716	2.689660707302e-01	3.992517050363e+17
8.7311040185e-04	2.87239524	95.81279179	2.138598966858e-01	3.174524138264e+17
8.8459869661e-04	2.91018991	97.07348642	3.248832987696e-01	4.822549201817e+17
8.9608699137e-04	2.94798458	98.33418105	5.052744042581e-01	7.500264507846e+17
9.0757528613e-04	2.98577926	99.59487568	3.740220891045e-01	5.551962609663e+17
9.1906358089e-04	3.02357393	100.85557031	1.664895722707e-01	2.471361737910e+17
9.3055187565e-04	3.06136861	102.11626494	1.917184641169e-01	2.845857973008e+17
9.4204017041e-04	3.09916328	103.37695957	4.015975754203e-01	5.961291559554e+17
9.5352846517e-04	3.13695796	104.63765419	3.694514259609e-01	5.484115946020e+17
9.6501675994e-04	3.17475263	105.89834882	3.451518962796e-01	5.123415110018e+17
9.7650505470e-04	3.21254730	107.15904345	4.508131627279e-01	6.691844937293e+17
9.8799334946e-04	3.25034198	108.41973808	5.273055130365e-01	7.827293033033e+17
9.9948164422e-04	3.28813665	109.68043271	3.608991687951e-01	5.357166727255e+17
1.0109699390e-03	3.32593133	110.94112734	1.972747669285e-01	2.928335415802e+17
1.0224582337e-03	3.36372600	112.20182197	4.332941480653e-01	6.431793680434e+17
1.0339465285e-03	3.40152067	113.46251660	1.624885885466e-01	2.411971363156e+17
1.0454348233e-03	3.43931535	114.72321123	1.444384545165e-02	2.144036200625e+16
1.0569231180e-03	3.47711002	115.98390585	1.617877746805e-02	2.401568522002e+16
1.0684114128e-03	3.51490470	117.24460048	2.073485297996e-01	3.077869778687e+17
1.0798997075e-03	3.55269937	118.50529511	3.252521403433e-01	4.828024265152e+17
1.0913880023e-03	3.59049404	119.76598974	3.550578733198e-01	5.270458869577e+17
1.1028762971e-03	3.62828872	121.02668437	4.937010994761e-01	7.328471030158e+17
1.1143645918e-03	3.66608339	122.28737900	5.071937285057e-01	7.528754847773e+17
1.1258528866e-03	3.70387807	123.54807363	5.923327789084e-01	8.792554067733e+17
1.1373411814e-03	3.74167274	124.80876826	4.795586768430e-01	7.118541713264e+17
1.1488294761e-03	3.77946742	126.06946288	4.463386119185e-01	6.625424959670e+17
1.1603177709e-03	3.81726209	127.33015751	5.260808030170e-01	7.809113507188e+17
1.1718060656e-03	3.85505676	128.59085214	6.227855204540e-01	9.244592830544e+17
1.1832943604e-03	3.89285144	129.85154677	5.548328080646e-01	8.235906634191e+17
1.1947826552e-03	3.93064611	131.11224140	3.734399847770e-01	5.543321886147e+17
1.2062709499e-03	3.96844079	132.37293603	7.322128789435e-01	1.086892631380e+18
1.2177592447e-03	4.00623546	133.63363066	6.921448074993e-01	1.027415814106e+18
1.2292475394e-03	4.04403013	134.89432529	6.729983877221e-01	9.989949775274e+17
1.2407358342e-03	4.08182481	136.15501992	4.302926867815e-01	6.387240159913e+17
1.2522241290e-03	4.11961948	137.41571454	6.096545110540e-01	9.049676874135e+17
1.2637124237e-03	4.15741416	138.67640917	4.892710730172e-01	7.262711969460e+17
1.2752007185e-03	4.19520883	139.93710380	6.243344393655e-01	9.267584894736e+17
1.2866890132e-03	4.23300351	141.19779843	4.585682456570e-01	6.806960947045e+17
1.2981773080e-03	4.27079818	142.45849306	6.643160989879e-01	9.861070375307e+17
1.3096656028e-03	4.30859285	143.71918769	3.556016683632e-01	5.278530932259e+17
1.3211538975e-03	4.34638753	144.97988232	3.995498443011e-01	5.930895155331e+17
1.3326421923e-03	4.38418220	146.24057695	2.649930393096e-01	3.933541598013e+17
1.3441304871e-03	4.42197688	147.50127158	4.480202666457e-01	6.650387346758e+17
1.3556187818e-03	4.45977155	148.76196620	5.819638427303e-01	8.638638169073e+17
1.3671070766e-03	4.49756622	150.02266083	1.420003505906e-01	2.107845124670e+17
1.3785953713e-03	4.53536090	151.28335546	5.872470313566e-01	8.717061520442e+17
1.3900836661e-03	4.57315557	152.54405009	5.420968529168e-01	8.046854840622e+17
1.4015719609e-03	4.61095025	153.80474472	5.950198420367e-01	8.832440679921e+17
1.4130602556e-03	4.64874492	155.06543935	4.803243264903e-01	7.129906973064e+17
1.4245485504e-03	4.68653960	156.32613398	5.020220735572e-01	7.451987095972e+17
1.4360368451e-03	4.72433427	157.58682861	7.116370010132e-01	1.056349915252e+18
1.4475251399e-03	4.76212894	158.84752324	7.067355572375e-01	1.049074239999e+18
1.4590134347e-03	4.79992362	160.10821786	6.905267974256e-01	1.025014049159e+18
1.4705017294e-03	4.83771829	161.36891249	4.322251751167e-01	6.415925906806e+17
1.4819900242e-03	4.87551297	162.62960712	6.224886534849e-01	9.240186154145e+17
1.4934783189e-03	4.91330764	163.89030175	2.185820222680e-01	3.244619101728e+17
1.5049666137e-03	4.95110231	165.15099638	4.130558899248e-01	6.131378128106e+17
1.5164549085e-03	4.98889699	166.41169101	7.644636401236e-01	1.134765477776e+18
1.5279432032e-03	5.02669166	167.67238564	5.012613494502e-01	7.440694950612e+17
1.5394314980e-03	5.06448634	168.93308027	6.182631094468e-01	9.177462418868e+17
1.5509197928e-03	5.10228101	170.19377489	7.580134111988e-01	1.125190794660e+18
1.5624080875e-03	5.14007569	171.45446952	6.057561165383e-01	8.991809327753e+17
1.5738963823e-03	5.17787036	172.71516415	6.716845899667e-01	9.970447836145e+17
1.5853846770e-03	5.21566503	173.97585878	3.546600496011e-01	5.264553596930e+17
1.5968729718e-03	5.25345971	175.23655341	8.610590094122e-01	1.278151094342e+18
1.6083612666e-03	5.29125438	176.49724804	4.234683811525e-01	6.285940555443e+17
1.6198495613e-03	5.32904906	177.75794267	7.097565240459e-01	1.053558545941e+18
1.6313378561e-03	5.36684373	179.01863730	5.181069240072e-01	7.690749700861e+17
1.6428261508e-03	5.40463840	180.27933193	8.842779863138e-01	1.312617211544e+18
1.6543144456e-03	5.44243308	181.54002655	8.308986001888e-01	1.233381154497e+18
1.6658027404e-03	5.48022775	182.80072118	9.056257134852e-01	1.344305656294e+18
1.6772910351e-03	5.51802243	184.06141581	6.503128295017e-01	9.653206639806e+17
1.6887793299e-03	5.55581710	185.32211044	9.155908810231e-01	1.359097894288e+18
1.7002676246e-03	5.59361178	186.58280507	7.435238626754e-01	1.103682591274e+18
1.7117559194e-03	5.63140645	187.84349970	5.619227207378e-01	8.341148894511e+17
1.7232442142e-03	5.66920112	189.10419433	6.822539491632e-01	1.012733880269e+18
1.7347325089e-03	5.70699580	190.36488896	7.758545475901e-01	1.151674076007e+18
1.7462208037e-03	5.74479047	191.62558359	5.174046849963e-01	7.680325704938e+17
1.7577090985e-03	5.78258515	192.88627821	6.648278086879e-01	9.868666164977e+17
1.7691973932e-03	5.82037982	194.14697284	7.009604877519e-01	1.040501759714e+18
1.7806856880e-03	5.85817449	195.40766747	6.599985929511e-01	9.796981561353e+17
1.7921739827e-03	5.89596917	196.66836210	4.994859865939e-01	7.414341565386e+17
1.8036622775e-03	5.93376384	197.92905673	4.883243558851e-01	7.248658954217e+17
1.8151505723e-03	5.97155852	199.18975136	6.173544258709e-01	9.163973971569e+17
1.8266388670e-03	6.00935319	200.45044599	7.825185613957e-01	1.161566100184e+18
1.8381271618e-03	6.04714787	201.71114062	5.236781997253e-01	7.773449400627e+17
1.8496154565e-03	6.08494254	202.97183524	6.285964669993e-01	9.330850190433e+17
1.8611037513e-03	6.12273721	204.23252987	9.244481138227e-01	1.372245520260e+18
1.8725920461e-03	6.16053189	205.49322450	5.868021239525e-01	8.710457340249e+17
1.8840803408e-03	6.19832656	206.75391913	5.749877566386e-01	8.535085544052e+17
1.8955686356e-03	6.23612124	208.01461376	3.014314049850e-01	4.474430624838e+17
1.9070569303e-03	6.27391591	209.27530839	1.885161053817e-01	2.798322342150e+17
1.9185452251e-03	6.31171058	210.53600302	4.060998920261e-01	6.028123691079e+17
1.9300335199e-03	6.34950526	211.79669765	3.378760757307e-01	5.015413243769e+17
1.9415218146e-03	6.38729993	213.05739228	4.027244919714e-01	5.978019444718e+17
1.9530101094e-03	6.42509461	214.31808690	3.664842115565e-01	5.440070784230e+17
1.9644984042e-03	6.46288928	215.57878153	7.554948269405e-01	1.121452222517e+18
1.9759866989e-03	6.50068396	216.83947616	5.766815803473e-01	8.560228566810e+17
1.9874749937e-03	6.53847863	218.10017079	2.836474315208e-01	4.210446334604e+17
1.9989632884e-03	6.57627330	219.36086542	3.034854061014e-01	4.504920100542e+17
2.0104515832e-03	6.61406798	220.62156005	4.807173289552e-01	7.135740679292e+17
2.0219398780e-03	6.65186265	221.88225468	4.587755929551e-01	6.810038798542e+17
2.0334281727e-03	6.68965733	223.14294931	5.894612521946e-01	8.749929288576e+17
2.0449164675e-03	6.72745200	224.40364394	4.453615927174e-01	6.610922142239e+17
2.0564047622e-03	6.76524667	225.66433856	4.700023306056e-01	6.976687853449e+17
2.0678930570e-03	6.80304135	226.92503319	3.519342057886e-01	5.224091326473e+17
2.0793813518e-03	6.84083602	228.18572782	7.433181372947e-01	1.103377213690e+18
2.0908696465e-03	6.87863070	229.44642245	6.151268591862e-01	9.130908098445e+17
2.1023579413e-03	6.91642537	230.70711708	2.452520284148e-01	3.640507155508e+17
2.1138462361e-03	6.95422004	231.96781171	7.358055593342e-01	1.092225585710e+18
2.1253345308e-03	6.99201472	233.22850634	2.723939269447e-01	4.043399952975e+17
2.1368228256e-03	7.02980939	234.48920097	4.778751169274e-01	7.093551045666e+17
2.1483111203e-03	7.06760407	235.74989559	6.273688410342e-01	9.312627380455e+17
2.1597994151e-03	7.10539874	237.01059022	5.502994262480e-01	8.168613372444e+17
2.1712877099e-03	7.14319342	238.27128485	3.795873789110e-01	5.634573454899e+17
2.1827760046e-03	7.18098809	239.53197948	2.129681200687e-01	3.161286656900e+17
2.1942642994e-03	7.21878276	240.79267411	1.651297209363e-01	2.451176182075e+17
2.2057525941e-03	7.25657744	242.05336874	9.740882349622e-02	1.445931033638e+17
2.2172408889e-03	7.29437211	243.31406337	1.833505624600e-01	2.721645316928e+17
2.2287291837e-03	7.33216679	244.57475800	2.889489063329e-01	4.289141125071e+17
2.2402174784e-03	7.36996146	245.83545263	3.753897137055e-01	5.572263551426e+17
2.2517057732e-03	7.40775613	247.09614725	1.053276326709e-01	1.563477386465e+17
2.2631940679e-03	7.44555081	248.35684188	9.247839218748e-02	1.372743991821e+17
2.2746823627e-03	7.48334548	249.61753651	1.743890154051e-01	2.588620622337e+17
2.2861706575e-03	7.52114016	250.87823114	9.508789590871e-02	1.411479316585e+17
2.2976589522e-03	7.55893483	252.13892577	1.505327983440e-03	2.234500293645e+15
2.3091472470e-03	7.59672951	253.39962040	1.002238320771e-02	1.487716860845e+16
2.3206355418e-03	7.63452418	254.66031503	1.247745836529e-02	1.852146820355e+16
2.3321238365e-03	7.67231885	255.92100966	7.598480303362e-03	1.127914092869e+16
2.3436121313e-03	7.71011353	257.18170429	1.886065359355e-04	2.799664688145e+14
2.3551004260e-03	7.74790820	258.44239891	2.316450890443e-09	3.438526521697e+09
2.3665887208e-03	7.78570288	259.70309354	6.521886296069e-10	9.681050909840e+08
2.3780770156e-03	7.82349755	260.96378817	9.416042459465e-11	1.397711985170e+08
2.3895653103e-03	7.86129222	262.22448280	7.440909736232e-14	1.104524407538e+05
2.4010536051e-03	7.89908690	263.48517743	2.379425153040e-15	3.532005158787e+03
2.4125418998e-03	7.93688157	264.74587206	1.796687761599e-16	2.666993090575e+02
2.4240301946e-03	7.97467625	266.00656669	2.130385042751e-17	3.162331436055e+01
2.4355184894e-03	8.01247092	267.26726132	3.382436240462e-18	5.020869110051e+00
2.4470067841e-03	8.05026560	268.52795594	6.624728147364e-19	9.833708768755e-01
2.4584950789e-03	8.08806027	269.78865057	1.524391541050e-19	2.262798130094e-01
2.4699833736e-03	8.12585494	271.04934520	3.992371423135e-20	5.926253424818e-02
2.4814716684e-03	8.16364962	272.31003983	1.164162936420e-20	1.728076839000e-02
2.4929599632e-03	8.20144429	273.57073446	3.719587881029e-21	5.521335086993e-03
2.5044482579e-03	8.23923897	274.83142909	1.286538341631e-21	1.909730194207e-03
2.5159365527e-03	8.27703364	276.09212372	4.771981087835e-22	7.083501575298e-04
2.5274248475e-03	8.31482831	277.35281835	1.883781508665e-22	2.796274553175e-04
2.5389131422e-03	8.35262299	278.61351298	7.865108146944e-23	1.167492178265e-04
2.5504014370e-03	8.39041766	279.87420760	3.454876710936e-23	5.128399332253e-05
2.5618897317e-03	8.42821234	281.13490223	1.589441716120e-23	2.359358239848e-05
2.5733780265e-03	8.46600701	282.39559686	7.628121593507e-24	1.132314029113e-05
2.5848663213e-03	8.50380169	283.65629149	3.805609213126e-24	5.649024662916e-06
2.5963546160e-03	8.54159636	284.91698612	1.967425216310e-24	2.920434796890e-06
2.6078429108e-03	8.57939103	286.17768075	1.051020133131e-24	1.560128305556e-06
2.6193312055e-03	8.61718571	287.43837538	5.787017338740e-25	8.590215610817e-07
2.6308195003e-03	8.65498038	288.69907001	3.276655443272e-25	4.863848696572e-07
2.6423077951e-03	8.69277506	289.95976464	1.903884438381e-25	2.826115227664e-07
2.6537960898e-03	8.73056973	291.22045926	1.133127910794e-25	1.682008623543e-07
2.6652843846e-03	8.76836440	292.48115389	6.896480362056e-26	1.023709621004e-07
2.6767726793e-03	8.80615908	293.74184852	4.285969621954e-26	6.362068920640e-08
2.6882609741e-03	8.84395375	295.00254315	2.716326261098e-26	4.032099246697e-08
2.6997492689e-03	8.88174843	296.26323778	1.753613826585e-26	2.603054386519e-08
2.7112375636e-03	8.91954310	297.52393241	1.152064738877e-26	1.710118343404e-08
2.7227258584e-03	8.95733778	298.78462704	7.695557686994e-27	1.142324204461e-08
2.7342141532e-03	8.99513245	300.04532167	5.222811604934e-27	7.752711829758e-09
2.7457024479e-03	9.03292712	301.30601629	3.599110970884e-27	5.342499847059e-09
2.7571907427e-03	9.07072180	302.56671092	2.516960102134e-27	3.736161254679e-09
2.7686790374e-03	9.10851647	303.82740555	1.785428015751e-27	2.650279187902e-09
2.7801673322e-03	9.14631115	305.08810018	1.284139115869e-27	1.906168797138e-09
2.7916556270e-03	9.18410582	306.34879481	9.360983408655e-28	1.389539050995e-09
2.8031439217e-03	9.22190049	307.60948944	6.913802763577e-28	1.026280948429e-09
2.8146322165e-03	9.25969517	308.87018407	5.171890827570e-28	7.677125317566e-10
2.8261205112e-03	9.29748984	310.13087870	3.917131600495e-28	5.814567860190e-10
2.8376088060e-03	9.33528452	311.39157333	3.002737705792e-28	4.457246765585e-10
2.8490971008e-03	9.37307919	312.65226795	2.328799338147e-28	3.456856487209e-10
2.8605853955e-03	9.41087387	313.91296258	1.826569380925e-28	2.711349196281e-10
2.8720736903e-03	9.44866854	315.17365721	1.448244585309e-28	2.149766022252e-10
2.8835619850e-03	9.48646321	316.43435184	1.160246148342e-28	1.722262781063e-10
2.8950502798e-03	9.52425789	317.69504647	9.387540093255e-29	1.393481110147e-10
2.9065385746e-03	9.56205256	318.95574110	7.667085244714e-29	1.138097771329e-10
2.9180268693e-03	9.59984724	320.21643573	6.317775489743e-29	9.378069990273e-11
2.9295151641e-03	9.63764191	321.47713036	5.249650415036e-29	7.792551206766e-11
2.9410034589e-03	9.67543658	322.73782499	4.396500643621e-29	6.526140540306e-11
2.9524917536e-03	9.71323126	323.99851961	3.709172009354e-29	5.505873826342e-11
2.9639800484e-03	9.75102593	325.25921424	3.150860426698e-29	4.677119289714e-11
2.9754683431e-03	9.78882061	326.51990887	2.693778270264e-29	3.998629137396e-11
2.9869566379e-03	9.82661528	327.78060350	2.316773490634e-29	3.439005387584e-11
2.9984449327e-03	9.86440995	329.04129813	2.003615861979e-29	2.974155985404e-11
3.0099332274e-03	9.90220463	330.30199276	1.741754002748e-29	2.585449731496e-11
3.0214215222e-03	9.93999930	331.56268739	1.521407112936e-29	2.258368061984e-11
3.0329098169e-03	9.97779398	332.82338202	1.334896441433e-29	1.981512682407e-11
3.0443981117e-03	10.01558865	334.08407665	1.176149682275e-29	1.745869896345e-11
3.0558864065e-03	10.05338333	335.34477127	1.040330985940e-29	1.544261396284e-11
3.0673747012e-03	10.09117800	336.60546590	9.235628413737e-30	1.370931426873e-11
3.0788629960e-03	10.12897267	337.86616053	8.227155998353e-30	1.221234355331e-11
3.0903512907e-03	10.16676735	339.12685516	7.352471288189e-30	1.091396654630e-11
3.1018395855e-03	10.20456202	340.38754979	6.590798577060e-30	9.783343907647e-12
3.1133278803e-03	10.24235670	341.64824442	5.925058904093e-30	8.795123725003e-12
3.1248161750e-03	10.28015137	342.90893905	5.341133170505e-30	7.928347688468e-12
3.1363044698e-03	10.31794604	344.16963368	4.827286352740e-30	7.165596395849e-12
3.1477927646e-03	10.35574072	345.43032830	4.373714874844e-30	6.492317474779e-12
3.1592810593e-03	10.39353539	346.69102293	3.972188694012e-30	5.896294296543e-12
3.1707693541e-03	10.43133007	347.95171756	3.615766648015e-30	5.367223439427e-12
3.1822576488e-03	10.46912474	349.21241219	3.298568795277e-30	4.896376751605e-12
3.1937459436e-03	10.50691942	350.47310682	3.015593340719e-30	4.476329596925e-12
3.2052342384e-03	10.54471409	351.73380145	2.762568633096e-30	4.100741160583e-12
3.2167225331e-03	10.58250876	352.99449608	2.535832899002e-30	3.764175926968e-12
3.2282108279e-03	10.62030344	354.25519071	2.332236028400e-30	3.461957890665e-12
3.2396991226e-03	10.65809811	355.51588534	2.149058982581e-30	3.190050926088e-12
3.2511874174e-03	10.69589279	356.77657996	1.983947355973e-30	2.944960166999e-12
3.2626757122e-03	10.73368746	358.03727459	1.834856362077e-30	2.723650343953e-12
3.2741640069e-03	10.77148213	359.29796922	1.700005084530e-30	2.523477874836e-12
3.2856523017e-03	10.80927681	360.55866385	1.577838277666e-30	2.342134161827e-12
3.2971405964e-03	10.84707148	361.81935848	1.466994346822e-30	2.177598061559e-12
3.3086288912e-03	10.88486616	363.08005311	1.366278409979e-30	2.028095897961e-12
3.3201171860e-03	10.92266083	364.34074774	1.274639556086e-30	1.892067704646e-12
3.3316054807e-03	10.96045551	365.60144237	1.191151584777e-30	1.768138635063e-12
3.3430937755e-03	10.99825018	366.86213700	1.114996647006e-30	1.655094678739e-12
3.3545820703e-03	11.03604485	368.12283162	1.045451314008e-30	1.551861982134e-12
3.3660703650e-03	11.07383953	369.38352625	9.818746890075e-31	1.457489201720e-12
3.3775586598e-03	11.11163420	370.64422088	9.236982465336e-31	1.371132421522e-12
3.3890469545e-03	11.14942888	371.90491551	8.704171420181e-31	1.292042253137e-12
3.4005352493e-03	11.18722355	373.16561014	8.215827820850e-31	1.219552807108e-12
3.4120235441e-03	11.22501822	374.42630477	7.767964861894e-31	1.153072284305e-12
3.4235118388e-03	11.26281290	375.68699940	7.357041047612e-31	1.092074987119e-12
3.4350001336e-03	11.30060757	376.94769403	6.979914896076e-31	1.036094595761e-12
3.4464884283e-03	11.33840225	378.20838865	6.633807404210e-31	9.847185965959e-13
3.4579767231e-03	11.37619692	379.46908328	6.316271784859e-31	9.375837899300e-13
3.4694650179e-03	11.41399160	380.72977791	6.025170265337e-31	8.943728460022e-13
3.4809533126e-03	11.45178627	381.99047254	5.758658040691e-31	8.548119230152e-13
3.4924416074e-03	11.48958094	383.25116717	5.515174825730e-31	8.186694131226e-13
3.5039299021e-03	11.52737562	384.51186180	5.293444874907e-31	7.857559453818e-13
3.5154181969e-03	11.56517029	385.77255643	5.092486876373e-31	7.559258544200e-13
3.5269064917e-03	11.60296497	387.03325106	4.911635824548e-31	7.290804271872e-13
3.5383947864e-03	11.64075964	388.29394569	4.750579903326e-31	7.051733778781e-13
3.5498830812e-03	11.67855431	389.55464031	4.609416663332e-31	6.842191868521e-13
3.5613713760e-03	11.71634899	390.81533494	4.488734484452e-31	6.663051928845e-13
3.5728596707e-03	11.75414366	392.07602957	4.389727664911e-31	6.516086769245e-13
3.5843479655e-03	11.79193834	393.33672420	4.314356734802e-31	6.404206589435e-13
3.5958362602e-03	11.82973301	394.59741883	4.265570130787e-31	6.331788032019e-13
3.6073245550e-03	11.86752769	395.85811346	4.247609726968e-31	6.305127710780e-13
3.6188128498e-03	11.90532236	397.11880809	4.266431667025e-31	6.333066891509e-13
3.6303011445e-03	11.94311703	398.37950272	4.330286598728e-31	6.427852788809e-13
3.6417894393e-03	11.98091171	399.64019735	4.450521389177e-31	6.606328627643e-13
3.6532777340e-03	12.01870638	400.90089197	4.642690050470e-31	6.891582695070e-13
3.6647660288e-03	12.05650106	402.16158660	4.928098372763e-31	7.315241184774e-13
3.6762543236e-03	12.09429573	403.42228123	5.335959705255e-31	7.920668226088e-13
3.6877426183e-03	12.13209040	404.68297586	5.906415921012e-31	8.767450186992e-13
3.6992309131e-03	12.16988508	405.94367049	6.694788946468e-31	9.937706620315e-13
3.7107192078e-03	12.20767975	407.20436512	7.777590892039e-31	1.154501166742e-12
3.7222075026e-03	12.24547443	408.46505975	9.261059627849e-31	1.374706421826e-12
3.7336957974e-03	12.28326910	409.72575438	1.129333907277e-30	1.676376826309e-12
3.7451840921e-03	12.32106378	410.98644900	1.408194631900e-30	2.090316099285e-12
3.7566723869e-03	12.35885845	412.24714363	1.791894764268e-30	2.659878392607e-12
3.7681606817e-03	12.39665312	413.50783826	2.321743536726e-30	3.446382895725e-12
3.7796489764e-03	12.43444780	414.76853289	3.056466256371e-30	4.537001120362e-12
3.7911372712e-03	12.47224247	416.02922752	4.079987118738e-30	6.056309664859e-12
3.8026255659e-03	12.51003715	417.28992215	5.512893917031e-30	8.183308363332e-12
3.8141138607e-03	12.54783182	418.55061678	7.529425607136e-30	1.117663653052e-11
3.8256021555e-03	12.58562649	419.81131141	1.038279548671e-29	1.541216254473e-11
3.8370904502e-03	12.62342117	421.07200604	1.444317562939e-29	2.143936772589e-11
3.8485787450e-03	12.66121584	422.33270066	2.025503971207e-29	3.006646570204e-11
3.8600670397e-03	12.69901052	423.59339529	2.862430528661e-29	4.248975590168e-11
3.8715553345e-03	12.73680519	424.85408992	4.075167067530e-29	6.049154808270e-11
3.8830436293e-03	12.77459987	426.11478455	5.843808299072e-29	8.674515789206e-11
3.8945319240e-03	12.81239454	427.37547918	8.440368411083e-29	1.252883484564e-10
3.9060202188e-03	12.85018921	428.63617381	1.227866742900e-28	1.822638406879e-10
3.9175085136e-03	12.88798389	429.89686844	1.799297382361e-28	2.670866796785e-10
3.9289968083e-03	12.92577856	431.15756307	2.656299363758e-28	3.942995661826e-10
3.9404851031e-03	12.96357324	432.41825770	3.951420675369e-28	5.865466367835e-10
3.9519733978e-03	13.00136791	433.67895232	5.924180593652e-28	8.793819965981e-10
3.9634616926e-03	13.03916258	434.93964695	8.953930765040e-28	1.329116388180e-09
3.9749499874e-03	13.07695726	436.20034158	1.364693966809e-27	2.025743959534e-09
3.9864382821e-03	13.11475193	437.46103621	2.098128684926e-27	3.114450282031e-09
3.9979265769e-03	13.15254661	438.72173084	3.255044954647e-27	4.831770210214e-09
4.0094148716e-03	13.19034128	439.98242547	5.097725191693e-27	7.567034269656e-09
4.0209031664e-03	13.22813595	441.24312010	8.062531790322e-27	1.196797631559e-08
4.0323914612e-03	13.26593063	442.50381473	1.288363880128e-26	1.912440013165e-08
4.0438797559e-03	13.30372530	443.76450935	2.081090302368e-26	3.089158603906e-08
4.0553680507e-03	13.34151998	445.02520398	3.399852448526e-26	5.046721630207e-08
4.0668563454e-03	13.37931465	446.28589861	5.620793021456e-26	8.343473180019e-08
4.0783446402e-03	13.41710933	447.54659324	9.409737144514e-26	1.396776027806e-07
4.0898329350e-03	13.45490400	448.80728787	1.596242109321e-25	2.369452704822e-07
4.1013212297e-03	13.49269867	450.06798250	2.745923975754e-25	4.076033925928e-07
4.1128095245e-03	13.53049335	451.32867713	4.794083437477e-25	7.116310177350e-07
4.1242978193e-03	13.56828802	452.58937176	8.502466801504e-25	1.262101334306e-06
4.1357861140e-03	13.60608270	453.85006639	1.533355122204e-24	2.276103618959e-06
4.1472744088e-03	13.64387737	455.11076101	2.815026842294e-24	4.178609827841e-06
4.1587627035e-03	13.68167204	456.37145564	5.267476792650e-24	7.819012580269e-06
4.1702509983e-03	13.71946672	457.63215027	1.006016409101e-23	1.493325033665e-05
4.1817392931e-03	13.75726139	458.89284490	1.964113514351e-23	2.915518925346e-05
4.1932275878e-03	13.79505607	460.15353953	3.926920945170e-23	5.829099107725e-05
4.2047158826e-03	13.83285074	461.41423416	8.056229952447e-23	1.195862190330e-04
4.2162041773e-03	13.87064542	462.67492879	1.699816776137e-22	2.523198350928e-04
4.2276924721e-03	13.90844009	463.93562342	3.698391897002e-22	5.489871888903e-04
4.2391807669e-03	13.94623476	465.19631805	8.323444671206e-22	1.235527391144e-03
4.2506690616e-03	13.98402944	466.45701267	1.944673079076e-21	2.886661653834e-03
4.2621573564e-03	14.02182411	467.71770730	4.737125444759e-21	7.031762057038e-03
4.2736456511e-03	14.05961879	468.97840193	1.209378204871e-20	1.795194126224e-02
4.2851339459e-03	14.09741346	470.23909656	3.256454592089e-20	4.833862668013e-02
4.2966222407e-03	14.13520813	471.49979119	9.321710304388e-20	1.383709373743e-01
4.3081105354e-03	14.17300281	472.76048582	2.865362218496e-19	4.253327373878e-01
4.3195988302e-03	14.21079748	474.02118045	9.582917629214e-19	1.422482840419e+00
4.3310871250e-03	14.24859216	475.28187508	3.549304299398e-18	5.268567107295e+00
4.3425754197e-03	14.28638683	476.54256971	1.492604578952e-17	2.215613744417e+01
4.3540637145e-03	14.32418151	477.80326433	7.396582271204e-17	1.097944463851e+02
4.3655520092e-03	14.36197618	479.06395896	4.585846220484e-16	6.807204037267e+02
4.3770403040e-03	14.39977085	480.32465359	3.967684756522e-15	5.889608677360e+03
4.3885285988e-03	14.43756553	481.58534822	6.133395211704e-14	9.104376954634e+04
4.4000168935e-03	14.47536020	482.84604285	4.408000976914e-12	6.543211569611e+06
4.4115051883e-03	14.51315488	484.10673748	8.568835375147e-11	1.271953047615e+08
4.4229934830e-03	14.55094955	485.36743211	3.882109399658e-08	5.762581104535e+10
4.4344817778e-03	14.58874422	486.62812674	2.431366291826e-10	3.609106289667e+08
4.4459700726e-03	14.62653890	487.88882136	8.029016953304e-04	1.191822708221e+15
4.4574583673e-03	14.66433357	489.14951599	4.684310529026e-04	6.953363896629e+14
4.4689466621e-03	14.70212825	490.41021062	2.189701341373e-02	3.250380212233e+16
4.4804349568e-03	14.73992292	491.67090525	3.010666256425e-02	4.469015861033e+16
4.4919232516e-03	14.77771760	492.93159988	8.226807510787e-03	1.221182626035e+16
4.5034115464e-03	14.81551227	494.19229451	1.842939476952e-02	2.735648873683e+16
4.5148998411e-03	14.85330694	495.45298914	1.936863490296e-02	2.875069144684e+16
4.5263881359e-03	14.89110162	496.71368377	1.647721854447e-01	2.445868945579e+17
4.5378764307e-03	14.92889629	497.97437840	2.239712004379e-01	3.324615755850e+17
4.5493647254e-03	14.96669097	499.23507302	4.848014641211e-01	7.196365349317e+17
4.5608530202e-03	15.00448564	500.49576765	3.428703214110e-01	5.089547542486e+17
4.5723413149e-03	15.04228031	501.75646228	2.746132182254e-01	4.076342986473e+17
4.5838296097e-03	15.08007499	503.01715691	3.930550980389e-01	5.834487511351e+17
4.5953179045e-03	15.11786966	504.27785154	4.830476651281e-01	7.170332056852e+17
4.6068061992e-03	15.15566434	505.53854617	6.046466523049e-01	8.975340503799e+17
4.6182944940e-03	15.19345901	506.79924080	6.252295761470e-01	9.280872254190e+17
4.6297827887e-03	15.23125369	508.05993543	6.043360227991e-01	8.970729537090e+17
4.6412710835e-03	15.26904836	509.32063006	4.452034794825e-01	6.608575118376e+17
4.6527593783e-03	15.30684303	510.58132468	5.518656117269e-01	8.191861740581e+17
4.6642476730e-03	15.34463771	511.84201931	4.392860283145e-01	6.520736809928e+17
4.6757359678e-03	15.38243238	513.10271394	5.492081173611e-01	8.152414045419e+17
4.6872242625e-03	15.42022706	514.36340857	7.096576098763e-01	1.053411718310e+18
4.6987125573e-03	15.45802173	515.62410320	9.871621550988e-01	1.465337886301e+18
4.7102008521e-03	15.49581640	516.88479783	1.036224616018e+00	1.538165924135e+18
4.7216891468e-03	15.53361108	518.14549246	6.564409516608e-01	9.744172136460e+17
4.7331774416e-03	15.57140575	519.40618709	7.272835367551e-01	1.079575543882e+18
4.7446657364e-03	15.60920043	520.66688171	1.111421380654e+00	1.649787573709e+18
4.7561540311e-03	15.64699510	521.92757634	8.281586204834e-01	1.229313944212e+18
4.7676423259e-03	15.68478978	523.18827097	6.245001701411e-01	9.270044992940e+17
4.7791306206e-03	15.72258445	524.44896560	4.014681918049e-01	5.959370996528e+17
4.7906189154e-03	15.76037912	525.70966023	5.712645894009e-01	8.479819061416e+17
4.8021072102e-03	15.79817380	526.97035486	1.063052278766e+00	1.577988754075e+18
4.8135955049e-03	15.83596847	528.23104949	1.067682021886e+00	1.584861118421e+18
4.8250837997e-03	15.87376315	529.49174412	9.046181974415e-01	1.342810105211e+18
4.8365720944e-03	15.91155782	530.75243875	9.239784727867e-01	1.371548387778e+18
4.8480603892e-03	15.94935249	532.01313337	6.775143392875e-01	1.005698430336e+18
4.8595486840e-03	15.98714717	533.27382800	1.099119565554e+00	1.631526829369e+18
4.8710369787e-03	16.02494184	534.53452263	1.382475379162e+00	2.052138586858e+18
4.8825252735e-03	16.06273652	535.79521726	1.197537347382e+00	1.777617624739e+18
4.8940135682e-03	16.10053119	537.05591189	1.002637163738e+00	1.488308901077e+18
4.9055018630e-03	16.13832587	538.31660652	1.791470993588e+00	2.659249349821e+18
4.9169901578e-03	16.17612054	539.57730115	1.054819126396e+00	1.565767509542e+18
4.9284784525e-03	16.21391521	540.83799578	7.859893519338e-01	1.166718121911e+18
4.9399667473e-03	16.25170989	542.09869041	7.654780625757e-01	1.136271280692e+18
4.9514550421e-03	16.28950456	543.35938503	8.998357182369e-01	1.335711020291e+18
4.9629433368e-03	16.32729924	544.62007966	8.263049045287e-01	1.226562298796e+18
4.9744316316e-03	16.36509391	545.88077429	1.189798106017e+00	1.766129538891e+18
4.9859199263e-03	16.40288858	547.14146892	7.373334699810e-01	1.094493607581e+18
4.9974082211e-03	16.44068326	548.40216355	1.421358629565e+00	2.109856662519e+18
5.0088965159e-03	16.47847793	549.66285818	1.211709361201e+00	1.798654481417e+18
5.0203848106e-03	16.51627261	550.92355281	1.106724380214e+00	1.642815372980e+18
5.0318731054e-03	16.55406728	552.18424744	1.088196792221e+00	1.615313126781e+18
5.0433614001e-03	16.59186195	553.44494206	6.555365441850e-01	9.730747163348e+17
5.0548496949e-03	16.62965663	554.70563669	5.813283934642e-01	8.629205596324e+17
5.0663379897e-03	16.66745130	555.96633132	9.551634984009e-01	1.417839262364e+18
5.0778262844e-03	16.70524598	557.22702595	6.888958497865e-01	1.022593079763e+18
5.0893145792e-03	16.74304065	558.48772058	4.270559727849e-01	6.339194561508e+17
5.1008028739e-03	16.78083533	559.74841521	6.766080973745e-01	1.004353209997e+18
5.1122911687e-03	16.81863000	561.00910984	3.398429610425e-01	5.044609577426e+17
5.1237794635e-03	16.85642467	562.26980447	2.648618138125e-01	3.931593694199e+17
5.1352677582e-03	16.89421935	563.53049910	4.235076270490e-01	6.286523119297e+17
5.1467560530e-03	16.93201402	564.79119372	3.514199360146e-01	5.216457535208e+17
5.1582443478e-03	16.96980870	566.05188835	7.056189711110e-01	1.047416785906e+18
5.1697326425e-03	17.00760337	567.31258298	6.506154023008e-01	9.657698013221e+17
5.1812209373e-03	17.04539804	568.57327761	2.690592186029e-01	3.993899732086e+17
5.1927092320e-03	17.08319272	569.83397224	6.004150388140e-01	8.912526673908e+17
5.2041975268e-03	17.12098739	571.09466687	8.451662428464e-01	1.254559962078e+18
5.2156858216e-03	17.15878207	572.35536150	6.448302028791e-01	9.571822842170e+17
5.2271741163e-03	17.19657674	573.61605613	6.925733156284e-01	1.028051889135e+18
5.2386624111e-03	17.23437142	574.87675076	1.188593514397e+00	1.764341449945e+18
5.2501507058e-03	17.27216609	576.13744538	6.076060200391e-01	9.019269190065e+17
5.2616390006e-03	17.30996076	577.39814001	9.940391305294e-01	1.475546029502e+18
5.2731272954e-03	17.34775544	578.65883464	6.908709510460e-01	1.025524908835e+18
5.2846155901e-03	17.38555011	579.91952927	6.155760547598e-01	9.137575931981e+17
5.2961038849e-03	17.42334479	581.18022390	3.274758918131e-01	4.861033505443e+17
5.3075921796e-03	17.46113946	582.44091853	4.633296612094e-01	6.877639128592e+17
5.3190804744e-03	17.49893413	583.70161316	3.374539037584e-01	5.009146547033e+17
5.3305687692e-03	17.53672881	584.96230779	5.326030751716e-01	7.905929743947e+17
5.3420570639e-03	17.57452348	586.22300241	2.707758563112e-01	4.019381404555e+17
5.3535453587e-03	17.61231816	587.48369704	2.928987068608e-01	4.347771739373e+17
5.3650336535e-03	17.65011283	588.74439167	5.229324078928e-01	7.762378909100e+17
5.3765219482e-03	17.68790751	590.00508630	2.010000562855e-01	2.983633399058e+17
5.3880102430e-03	17.72570218	591.26578093	6.358478915966e-01	9.438489924566e+17
5.3994985377e-03	17.76349685	592.52647556	3.001957275563e-01	4.456088299394e+17
5.4109868325e-03	17.80129153	593.78717019	1.772383898593e-01	2.630916574612e+17
5.4224751273e-03	17.83908620	595.04786482	3.814347006116e-01	5.661994993114e+17
5.4339634220e-03	17.87688088	596.30855945	1.374045962571e-01	2.039626008832e+17
5.4454517168e-03	17.91467555	597.56925407	3.755512317094e-01	5.574661115487e+17
5.4569400115e-03	17.95247022	598.82994870	3.164933556894e-01	4.698009364103e+17
5.4684283063e-03	17.99026490	600.09064333	4.591012515840e-01	6.814872856699e+17
5.4799166011e-03	18.02805957	601.35133796	4.657361949269e-01	6.913361578168e+17
5.4914048958e-03	18.06585425	602.61203259	3.691066012466e-01	5.478997387581e+17
5.5028931906e-03	18.10364892	603.87272722	2.467121107379e-01	3.662180534437e+17
5.5143814853e-03	18.14144360	605.13342185	2.398501246767e-01	3.560321603776e+17
5.5258697801e-03	18.17923827	606.39411648	1.246941563960e-01	1.850952962729e+17
5.5373580749e-03	18.21703294	607.65481111	8.906880955674e-03	1.322132341248e+16
5.5488463696e-03	18.25482762	608.91550573	8.305199362493e-03	1.232819067900e+16
5.5603346644e-03	18.29262229	610.17620036	2.112867212105e-03	3.136328067916e+15
5.5718229592e-03	18.33041697	611.43689499	3.965522352002e-03	5.886398816394e+15
5.5833112539e-03	18.36821164	612.69758962	4.772487966320e-03	7.084253982837e+15
5.5947995487e-03	18.40600631	613.95828425	3.377650324544e-03	5.013764923693e+15
5.6062878434e-03	18.44380099	615.21897888	8.629590357234e-10	1.280971482588e+09
5.6177761382e-03	18.48159566	616.47967351	2.372362763002e-07	3.521521787197e+11
5.6292644330e-03	18.51939034	617.74036814	1.197786752043e-08	1.777987839600e+10
5.6407527277e-03	18.55718501	619.00106276	1.315699978458e-13	1.953017561991e+05
5.6522410225e-03	18.59497969	620.26175739	2.658810661347e-15	3.946723417678e+03
5.6637293172e-03	18.63277436	621.52245202	1.499116032554e-16	2.225279309094e+02
5.6752176120e-03	18.67056903	622.78314665	1.418237625575e-17	2.105223861955e+01
5.6867059068e-03	18.70836371	624.04384128	1.863875911634e-18	2.766726798200e+00
5.6981942015e-03	18.74615838	625.30453591	3.092409266975e-19	4.590354720795e-01
5.7096824963e-03	18.78395306	626.56523054	6.120800205437e-20	9.085680998994e-02
5.7211707910e-03	18.82174773	627.82592517	1.392982946047e-20	2.067735959357e-02
5.7326590858e-03	18.85954240	629.08661980	3.552910712989e-21	5.273920447110e-03
